"id_marker";"date_time";"description";"latitude";"longitude";"statut";"type_marker_id";"user_id"
1;"";"Église Saint-Pierre de Niangon";5.3249928;-4.0872102;"1";1;0
2;"";"Mosquée Aicha Niangon Sud de Yopougon";5.3264295;-4.0885292;"1";1;0
3;"";"Église des Assemblés de Dieu de Niangon-Sud";5.3228032;-4.0873838;"1";1;0
4;"";"Mosquée Selmer";5.3349225;-4.0726903;"1";1;0
5;"";"Église Evangelique";5.3531378;-4.0735944;"1";1;0
6;"";"Église Saint Jacques";5.3558501;-4.0009478;"1";1;0
7;"";"Mosquée Libanaise de Marcory";5.3038814;-3.991652;"1";1;0
8;"";"Église Catholique de Dabré";5.4012815;-3.7456194;"1";1;0
9;"";"Église Mormon de Toits-Rouges";5.3304409;-4.0593941;"1";1;0
10;"";"Église du Nazaréen Bethléem";5.323946;-4.060262;"1";1;0
11;"";"Centre de pieu de Niangon";5.3272053;-4.0907613;"1";1;0
12;"";"Notre Dame de Lourdes";5.335121;-4.117493;"1";1;0
13;"";"Mosque de Treichville";5.3079648;-4.0109253;"1";1;0
14;"";"Paroisse Sainte Marie d’Agouéto";5.4502976;-4.055557;"1";1;0
15;"";"Église Harriste";5.4788411;-4.1540783;"1";1;0
16;"";"Église Céleste";5.3811816;-3.9893048;"1";1;0
17;"";"Église Foursquare";5.3660725;-3.9604862;"1";1;0
18;"";"Église Saint Bernard";5.3698843;-3.9803569;"1";1;0
19;"";"Paroisse Saint Augustin";5.3576365;-3.885572;"1";1;0
20;"";"Église catholique - M'Pouto";5.3299006;-3.9569103;"1";1;0
21;"";"Mosquée CIAD";5.3284639;-3.9505428;"1";1;0
22;"";"Seminiare Catholique";5.325649;-3.9474865;"1";1;0
23;"";"Résidence des soeurs catholiques";5.3284742;-3.9464708;"1";1;0
24;"";"Église Assemblée de Dieu - Le Tabernacle";5.3685705;-4.0262316;"1";1;0
25;"";"Grande Mosquée";5.3491646;-4.0348666;"1";1;0
26;"";"Église pentecôte";5.3469493;-4.0346604;"1";1;0
27;"";"Chapelle Catholique";5.3440749;-4.0337448;"1";1;0
28;"";"Église Harris";5.3441554;-4.0337085;"1";1;0
29;"";"Église Méthodiste";5.345145;-4.0336699;"1";1;0
30;"";"Grane Mosquée d'Abobo";5.422649;-4.0122451;"1";1;0
31;"";"Église Sacré-Coeur";5.4096616;-4.0140964;"1";1;0
32;"";"Église évangelique La Bénédiction";5.3499998;-4.0172164;"1";1;0
33;"";"Église Universelle";5.2117149;-3.7374796;"1";1;0
34;"";"Notre Dame de l’Annonciation";5.3381038;-4.0581914;"1";1;0
35;"";"Saint Sauveur Miséricordieux";5.3469692;-4.0526738;"1";1;0
36;"";"Église méthodiste (Temple Exode)";5.3379194;-4.0738045;"1";1;0
37;"";"Mosquee de Toits-Rouges";5.3299995;-4.0550711;"1";1;0
38;"";"Paroisse Saint François d'Assise";5.3003413;-3.9615109;"1";1;0
39;"";"Christianime celeste";5.2974782;-3.9482459;"1";1;0
40;"";"Mission Evangelique Bethesda";5.3020839;-3.9550526;"1";1;0
41;"";"Saint François Xavier";5.4329181;-4.0164885;"1";1;0
42;"";"Église Evangelique Mission International des rachétés";5.2994848;-3.9522297;"1";1;0
43;"";"Église des Assemblées de Dieu";5.4054492;-3.9831146;"1";1;0
44;"";"Saint Esprit";5.3093439;-4.1039345;"1";1;0
45;"";"Mission evangelique La porte de cieux";5.3119144;-4.1042491;"1";1;0
46;"";"Église Méthodiste Unie PK18";5.444123;-4.0554234;"1";1;0
47;"";"Fisrt Baptis church";5.3087616;-3.9697305;"1";1;0
48;"";"Église évangélique les délices de l'arrière saison";5.3741386;-4.0113487;"1";1;0
49;"";"Église Évangélique le Progrès";5.3077242;-3.9486035;"1";1;0
50;"";"Église de Dieu de la Prophétie";5.3085748;-3.9492016;"1";1;0
51;"";"MEIVA JC";5.3120469;-3.9453054;"1";1;0
52;"";"An Nour";5.3148929;-3.9426744;"1";1;0
53;"";"Mosquée du 05";5.3102102;-3.9451704;"1";1;0
54;"";"mosqée";5.3021087;-3.9467592;"1";1;0
55;"";"Paroisse Dehima Marie Lalou";5.3585548;-3.9630335;"1";1;0
56;"";"La maison de la destinée";5.3618182;-3.9676898;"1";1;0
57;"";"Église Saint-Jean";5.3099738;-4.0880025;"1";1;0
58;"";"Le temple de la foi. Chez Wafo";5.3900699;-3.9912812;"1";1;0
59;"";"Église universelle";5.4056498;-4.0060733;"1";1;0
60;"";"Mission Evangélique la Source";5.2066688;-3.7361198;"1";1;0
61;"";"Église evangelique des Assemblées de Dieu";5.3536068;-4.0212288;"1";1;0
62;"";"Mosquée du Marché Gouro";5.3494904;-4.0233035;"1";1;0
63;"";"Mosquée El Hadj Mohamed Taofiq";5.3511393;-4.0215697;"1";1;0
64;"";"Assemblée de Dieu temple El Kabod";5.3044423;-3.9687673;"1";1;0
65;"";"Église Foursquare Dokui";5.3983841;-3.9995134;"1";1;0
66;"";"Église Saint Jean";5.3355373;-4.0036142;"1";1;0
67;"";"Église Vases d’Honneurs";5.3799697;-3.9895125;"1";1;0
68;"";"Mosquée Sylla";5.2083805;-3.7430713;"1";1;0
69;"";"Grande Mosquée de Grand-Bassam";5.206645;-3.733627;"1";1;0
70;"";"Église du Nazaréen";5.3575381;-3.9665432;"1";1;0
71;"";"Église Universelle";5.4267573;-4.0143038;"1";1;0
72;"";"Magic System";5.3075116;-3.9764604;"1";1;0
73;"";"As Sahaba";5.356073;-4.0221549;"1";1;0
74;"";"Église Baptiste d’Angré";5.4046439;-3.9913438;"1";1;0
75;"";"CESA";5.3085497;-3.9761387;"1";1;0
76;"";"Église Harriste";5.3068645;-3.9746275;"1";1;0
77;"";"Temple Temoin de Jeovah";5.3114142;-3.970543;"1";1;0
78;"";"Oeuvre et Mission";5.3081424;-3.9679754;"1";1;0
79;"";"Paroisse Saint Joseph de Koumassi";5.3098592;-3.9434869;"1";1;0
80;"";"Église de Pentecôte Internationale";5.311671;-3.9488015;"1";1;0
81;"";"Assemblée de Dieu";5.4209208;-4.0111421;"1";1;0
82;"";"Mosquée Petro Ivoire";5.4189018;-4.0133412;"1";1;0
83;"";"Paroisse Notre-Dame de la Tendresse";5.3362805;-3.976279;"1";1;0
84;"";"Mosquée Sangaré";5.3075943;-3.9408763;"1";1;0
85;"";"Chapelle Saint André";5.310961;-3.935325;"1";1;0
86;"";"Christ Light Apostolic Church";5.3105494;-3.9358039;"1";1;0
87;"";"Paroisse Sainte Monique";5.4002576;-4.0014628;"1";1;0
88;"";"Église Notre-Dame d'Afrique";5.2722658;-3.9755424;"1";1;0
89;"";"Église Protestante CMA";5.3236683;-3.9521292;"1";1;0
90;"";"Saint Joseph Charpentier de Yopougon Gare";5.3575602;-4.0700268;"1";1;0
91;"";"Eglise CMA Williamsville";5.3673285;-4.0270336;"1";1;0
92;"";"Mosquée Sénégalaise";5.206218;-3.7343289;"1";1;0
93;"";"Mosquee Sa'Ad ibn Wakass";5.3960936;-4.0107838;"1";1;0
94;"";"Mosquee Kone";5.3943008;-4.0118058;"1";1;0
95;"";"UNA mosquée";5.395629;-4.0202139;"1";1;0
96;"";"La Grotte Mariale";5.4083414;-3.9918604;"1";1;0
97;"";"Mosquée La Guidance";5.2104463;-3.7354615;"1";1;0
98;"";"Mission Evangélique Rencontre et Vérité";5.2130368;-3.7323117;"1";1;0
99;"";"Église Evangile du Royaume";5.338762;-3.9939515;"1";1;0
100;"";"Église de Pentécôte Unie";5.2153542;-3.7451102;"1";1;0
101;"";"Église de Pentécôte International de Côte d'Ivoire";5.2129918;-3.744456;"1";1;0
102;"";"Église Témoin de Jéhova";5.2159564;-3.7337788;"1";1;0
103;"";"Saint Mathias Kalemba Mulumba";5.3319518;-4.070607;"1";1;0
104;"";"Paroisse Cœur Immaculé de Marie de l'Impérial";5.2095182;-3.7347828;"1";1;0
105;"";"mosqué Sénégalaise";5.3021758;-3.9545093;"1";1;0
106;"";"EAD Koumassi Emmanuel";5.3023465;-3.9575604;"1";1;0
107;"";"Église saint Luc Banabakintu";5.350383;-4.0157705;"1";1;0
108;"";"Cathédrale du Sacré Coeur de Grand-Bassam";5.195747;-3.7342349;"1";1;0
109;"";"Assemblee de Dieu";5.2084528;-3.7411621;"1";1;0
110;"";"Saint Esprit";5.2116796;-3.7578163;"1";1;0
111;"";"Gmeos";5.3229631;-4.0555202;"1";1;0
112;"";"Meira";5.2117502;-3.7370027;"1";1;0
113;"";"Église Christ Embassy Koweit";5.3221043;-4.0499793;"1";1;0
114;"";"Mosquée du Koweit";5.3220854;-4.0510134;"1";1;0
115;"";"Église Miderj";5.3221001;-4.0512803;"1";1;0
116;"";"Église Evangelique des Assemblées de Dieu Temple Peniel";5.3220996;-4.0518295;"1";1;0
117;"";"Mosquée du Pailler";5.376396;-4.0120519;"1";1;0
118;"";"Église Saint-André";5.3426846;-4.0741072;"1";1;0
119;"";"Résidence des Freres du Sacre-Ceur";5.371986;-3.9647396;"1";1;0
120;"";"Sanctuaire Marial";5.3573396;-4.0392623;"1";1;0
121;"";"Église évangeique la caravane du salut";5.3018102;-3.9778526;"1";1;0
122;"";"Bethanie Israel";5.3027038;-3.9798114;"1";1;0
123;"";"Église eveangelique le palais des rois";5.3046325;-3.9832334;"1";1;0
124;"";"Église Evangelique du Réveil de Côte d'Ivoire";5.3515939;-4.075921;"1";1;0
125;"";"Medad Prosperity";5.3226201;-4.105892;"1";1;0
126;"";"Église Advantiste du 7e jour";5.3220619;-4.1057526;"1";1;0
127;"";"Église betel";5.3214049;-4.1046368;"1";1;0
128;"";"Église du christianisme celestre";5.3214824;-4.1039555;"1";1;0
129;"";"Ministère de la Montagne de Feu et de Miracles";5.3933649;-3.9738021;"1";1;0
130;"";"Faith Family";5.3604639;-3.986178;"1";1;0
131;"";"Mosquée Marcory Sicogi";5.2975644;-3.9770389;"1";1;0
132;"";"Mosqué de Belleville";5.4299277;-3.9946232;"1";1;0
133;"";"Église de Pentecôte de Côte d'Ivoire (EPCI)";5.2129233;-3.73205;"1";1;0
134;"";"Mosquée Rahman";5.3008209;-3.9644532;"1";1;0
135;"";"Temple John Ahui de M'batto-Bouaké";5.3500527;-3.7916075;"1";1;0
136;"";"Saint Ambroise Ma vigne";5.3963543;-3.9882483;"1";1;0
137;"";"Mission Évangélique Béthel Délivrance";5.3433059;-4.0694375;"1";1;0
138;"";"Mosquée Salam 1";5.3510182;-4.0353156;"1";1;0
139;"";"Église Évangélique des assemblées de dieu Bethel Abodo Akeikoi";5.446755;-4.0137846;"1";1;0
140;"";"Mosquée Blanche";5.4294935;-4.0236809;"1";1;0
141;"";"Paroisse Saint Marc Abobo Akeikoi Extension";5.45139;-4.0078132;"1";1;0
142;"";"Mosquée Itihao";5.3504754;-4.0326205;"1";1;0
143;"";"Paroisse Saint Joseph Artisan d’Attecoubé";5.3500771;-4.0344079;"1";1;0
144;"";"Mosquée Mankono 2";5.3508791;-4.0200012;"1";1;0
145;"";"Cappelle Saint Jean Paul II";5.391689;-3.9320108;"1";1;0
146;"";"Église du Plein Évangile";5.3647013;-3.9972782;"1";1;0
147;"";"Églice Saint François d’Assise Micao";5.3834095;-4.0966502;"1";1;0
148;"";"Fraternité Ordre des Frères Mineurs Capucins";5.4179682;-3.9770904;"1";1;0
149;"";"Sœurs Saints Cœurs de Jésus et de Marie";5.4158872;-3.9928889;"1";1;0
150;"";"Église catholique St Michel";5.4684946;-4.1859715;"1";1;0
151;"";"Église Méthodiste Unie Emmanuel";5.4694345;-4.186111;"1";1;0
152;"";"Église Évangélique des Assemblées de Dieu Yopougon gare";5.351517;-4.0742074;"1";1;0
153;"";"Église Méthodiste";5.3921011;-3.9309643;"1";1;0
154;"";"Église Évangélique";5.3914062;-3.9329744;"1";1;0
155;"";"Église Protestante Baptise Oeuvre et Mission de Angré";5.3939138;-3.9757076;"1";1;0
156;"";"Paroisse St Paul de Faya";5.3676283;-3.9360332;"1";1;0
157;"";"Paroisse Saint Jean Baptist d’Avocatier";5.4388556;-4.0312875;"1";1;0
158;"";"Eglise Catholique Saint Esprit Consolateur Anonkoua 3";5.4303331;-4.0397954;"1";1;0
159;"";"Paroisse Sainte Dorothée";5.4140872;-3.9874038;"1";1;0
160;"";"Siege de l'Eglise Protestante Baptiste Oeuvres et Missions";5.3315197;-4.0636983;"1";1;0
161;"";"CEFCA";5.386852;-3.975714;"1";1;0
162;"";"Notre dame de l'esperance";5.3741806;-3.938925;"1";1;0
163;"";"Eglise Réveil";5.4656034;-4.1874389;"1";1;0
164;"";"Église CMA de Port-Bouët II";5.3554396;-4.0909166;"1";1;0
165;"";"Assemblées de Dieu Temple des Oliviers";5.3745483;-3.9598833;"1";1;0
166;"";"Alliance Biblique Missionnaire";5.3717233;-3.9975013;"1";1;0
167;"";"Église Sainte Thérèse";5.3031388;-3.9865659;"1";1;0
168;"";"Mosquée Al Fourquane";5.3183267;-4.1120833;"1";1;0
169;"";"Le temple Sinaï";5.3014544;-4.0817189;"1";1;0
170;"";"Église Évangélique du Réveil Internationale de Bonoumin";5.3701859;-3.9712089;"1";1;0
171;"";"Mosquée de la Cité Eden";5.3286089;-3.9407481;"1";1;0
172;"";"Église catholique Notre Dame de Lourdes";5.3280444;-3.9164589;"1";1;0
173;"";"Église évangélique des assemblée de Dieu, temple de la vie";5.3302074;-3.9171013;"1";1;0
174;"";"Mission Évangélique du Buisson Ardent (Meba)";5.296869;-3.9544085;"1";1;0
175;"";"Grande mosquée de Koumassi";5.2917284;-3.9665763;"1";1;0
176;"";"Chapelle";5.3608836;-3.9476881;"1";1;0
177;"";"Eglise CMA";5.3557032;-3.8803169;"1";1;0
178;"";"Paroisse Christ Roi des Cités de Kessé";5.3748771;-3.9112804;"1";1;0
179;"";"Église neo-apostolique";5.2415051;-3.9090027;"1";1;0
180;"";"Paroisse Saint Antoine de Padoue de Moossou";5.2217123;-3.7231904;"1";1;0
181;"";"Église CMA Cocody Vallon";5.372626;-3.9855749;"1";1;0
182;"";"Église CMA de Yopougon Camp militaire";5.3278878;-4.0600716;"1";1;0
183;"";"La maison de la manifestation de la gloire de Dieu";5.3131734;-4.1079699;"1";1;0
184;"";"Holy Heart of Jesus";5.389523;-3.9872699;"1";1;0
185;"";"Mission évangélique pour tous";5.3152767;-4.1107168;"1";1;0
186;"";"Église Protestante Baptiste Œuvres et Mission (Adjouffou)";5.2491146;-3.920491;"1";1;0
187;"";"Harriste";5.3549047;-3.8814971;"1";1;0
188;"";"Mission Efrata";5.3809596;-3.9334588;"1";1;0
189;"";"Église Évangélique Presbytérienne";5.3486432;-3.8852204;"1";1;0
190;"";"Bourse du Travail";5.3125367;-4.0092472;"1";1;0
191;"";"Ebna";5.3234054;-4.0599234;"1";1;0
192;"";"Mpirva";5.3115128;-4.1118996;"1";1;0
193;"";"Saint Thomas Apôtre";5.3130452;-4.1124393;"1";1;0
194;"";"Parroise Saint Jean de Songon";5.3246823;-4.2563984;"1";1;0
195;"";"Église Adventiste Prodomo";5.3001073;-3.9489539;"1";1;0
196;"";"Paroisse Coeur Immatriculé de Marie";5.3969467;-4.0075835;"1";1;0
197;"";"Saint Jeanne d’Arc de Treichville";5.3045506;-4.0122866;"1";1;0
198;"";"Église de Jésus-Christ des saints des derniers jours";5.3516026;-4.063886;"1";1;0
199;"";"Église de Patmos Dieudonné";5.3460348;-4.0814075;"1";1;0
200;"";"Mosquée Sikasso";5.3093457;-4.0523625;"1";1;0
201;"";"Ministère Christ en Action";5.3666042;-3.9647899;"1";1;0
202;"";"Église Mission International d'Évangélisation et de Restauration : MIERA";5.3518156;-4.0599874;"1";1;0
203;"";"Mission Evangélique Source de Bénédiction";5.3407709;-4.0586436;"1";1;0
204;"";"Winners'chapel International";5.3405652;-4.0584612;"1";1;0
205;"";"Eglise Evangelique des Assemblées de Dieu";5.3517161;-4.0745974;"1";1;0
206;"";"Eglise Vase d'Honneur GFCI";5.3451346;-4.0627205;"1";1;0
207;"";"Eglise Mission Mondiale Vie en Christ";5.3550462;-4.0778127;"1";1;0
208;"";"salle Du Royaume de Jéhovah";5.3553994;-4.0772601;"1";1;0
209;"";"Église Mission Évangelique La Race Des Vainqueurs";5.3468884;-4.0570765;"1";1;0
210;"";"Eglise prophétique BETHEL";5.3409685;-4.0579784;"1";1;0
211;"";"Oumar Boun Katoib";5.3532877;-4.0587375;"1";1;0
212;"";"Mission Internationale de l'Eglise Primitive";5.354195;-4.0548409;"1";1;0
213;"";"Eglise Evaangelique Bethel: la maison de l'esperance";5.3464338;-4.051014;"1";1;0
214;"";"Eglise la maison charismatique";5.3477757;-4.0528527;"1";1;0
215;"";"Eglise";5.3662752;-4.0016782;"1";1;0
216;"";"Eglise Christianiste Celeste";5.351859;-4.0809475;"1";1;0
217;"";"Espace Islamique";5.3436511;-4.0708751;"1";1;0
218;"";"Eglise Internationale Evangelique Fourquare";5.342914;-4.0712091;"1";1;0
219;"";"Eglise Evangelique Des Assemblées de Dieu";5.3419673;-4.0713573;"1";1;0
220;"";"Eglise inter fosquare";5.3657275;-3.9998608;"1";1;0
221;"";"Eglise CIPE la renaissance";5.3676936;-3.9993963;"1";1;0
222;"";"Paroisse divine misericorde";5.3664258;-4.0072062;"1";1;0
223;"";"Eglise Eden";5.3419433;-4.0695454;"1";1;0
224;"";"Eglise Christ Embassy De Côte d'Ivoire";5.3436394;-4.0696789;"1";1;0
225;"";"Église Evangelique";5.3545321;-4.0536151;"1";1;0
226;"";"Mission Internationale de Jesus Christ";5.3541269;-4.0521198;"1";1;0
227;"";"Église Misssionaire des Petits Troupeaux de Jesus";5.353265;-4.054979;"1";1;0
228;"";"Église Evangelique Ressurection";5.3545041;-4.0551688;"1";1;0
229;"";"Église Évangelique";5.3532369;-4.057171;"1";1;0
230;"";"Mosquée Abou Bark Siddik";5.3495156;-4.0606727;"1";1;0
231;"";"Eglise nouvelle Alliance Wassakara";5.3476896;-4.0690016;"1";1;0
232;"";"Ministère Des Participants du Royaume Du Christ";5.3418745;-4.0693476;"1";1;0
233;"";"Mosquée Abou Haraira";5.3523957;-4.0749272;"1";1;0
234;"";"Eglise MIDES";5.3664542;-4.0068072;"1";1;0
235;"";"Juvenant church";5.365614;-4.006133;"1";1;0
236;"";"Ministère de la foi de jesus";5.3657134;-4.0062299;"1";1;0
237;"";"Eglise evangelique du reveil international";5.3678798;-4.0061326;"1";1;0
238;"";"Eglise primitive dans le monde";5.3625797;-4.0002157;"1";1;0
239;"";"Mosquée Kenya";5.3468217;-4.072864;"1";1;0
240;"";"Église Évangélique Philadelphie";5.3515999;-4.0561592;"1";1;0
241;"";"Église Évangélique Le Mont Sinai";5.3511439;-4.056933;"1";1;0
242;"";"Église Évangélique de la vie chrétienne";5.3500897;-4.0563302;"1";1;0
243;"";"Eglise Baptiste";5.3509343;-4.0532171;"1";1;0
244;"";"Église Évangelique la Chapelle glorieuse Emassus";5.350003;-4.0553619;"1";1;0
245;"";"Église Évangelique le Trône International";5.3523223;-4.0560579;"1";1;0
246;"";"Mission Internationale de guerison et de délivrance";5.3522368;-4.0565622;"1";1;0
247;"";"Église Evangélique Answer Chapel";5.3527202;-4.0532604;"1";1;0
248;"";"Église Christianiste Celeste";5.3523463;-4.0528044;"1";1;0
249;"";"Église Le Jourdain";5.3519965;-4.052673;"1";1;0
250;"";"Mosquée Abou Barkrine Asudik";5.3492405;-4.060666;"1";1;0
251;"";"Mission Assenbléé de l'eglise glorieuse";5.3658824;-4.0120087;"1";1;0
252;"";"Mission Protestante Internationale";5.3419993;-4.067688;"1";1;0
253;"";"Chapelle Notre Dame de Toute Grace";5.3487331;-4.0617362;"1";1;0
254;"";"Eglise de Pentecôte Internationale de Côte d'Ivoire";5.3482818;-4.0681936;"1";1;0
255;"";"Eglise";5.3490482;-4.0778066;"1";1;0
256;"";"Eglise Christianiste Celeste";5.3497719;-4.0785858;"1";1;0
257;"";"Eglise Pentecôte";5.3502546;-4.0774492;"1";1;0
258;"";"Missions Evangelique";5.3470066;-4.0568626;"1";1;0
259;"";"Eglise Jésus For Life";5.3443841;-4.0591961;"1";1;0
260;"";"Eglise evangelique de reveil internationall";5.3709021;-4.0000319;"1";1;0
261;"";"Eglise christine church international";5.3681124;-4.0109127;"1";1;0
262;"";"Eglise Presbyterienne de Côte d'Ivoire";5.3416682;-4.0590405;"1";1;0
263;"";"Eglise Evangelique";5.340166;-4.0807074;"1";1;0
264;"";"Eglise NSE";5.3606562;-4.0831972;"1";1;0
265;"";"Eglise MIPEC-NA";5.3530907;-4.0823704;"1";1;0
266;"";"Eglise La Paroisse Prophétique";5.3529579;-4.0807262;"1";1;0
267;"";"Mosquée Darou-Salam";5.3396332;-4.0840642;"1";1;0
268;"";"Eglise APEC";5.3704188;-4.0109579;"1";1;0
269;"";"Minitère international des élus";5.3691476;-4.0092078;"1";1;0
270;"";"Eglise evangelique de DIEU";5.3664627;-4.0097273;"1";1;0
271;"";"Eglise: Centre international d'alliance et d'adoration";5.3689197;-4.0103065;"1";1;0
272;"";"Eglose evangelique missionnaire de christ";5.3685435;-4.0024721;"1";1;0
273;"";"Eglise Evangelique Medes";5.336311;-4.0828921;"1";1;0
274;"";"Eglise Des Dons et Miracles";5.3370294;-4.0828411;"1";1;0
275;"";"Mission Internationale de Delivrance d'intercession et de Restauration";5.3505971;-4.064991;"1";1;0
276;"";"Eglise Chretienne Pain de Vie Internationale";5.34804;-4.0638517;"1";1;0
277;"";"Eglise";5.3594332;-4.0710743;"1";1;0
278;"";"Eglise Evangelique";5.3477737;-4.0800919;"1";1;0
279;"";"Eglise Evangelique la Mission";5.3419499;-4.0843204;"1";1;0
280;"";"Mission Evangelique la Pierre Vivante";5.3525873;-4.0705352;"1";1;0
281;"";"Eglise Evangelique du Plein Salut";5.3515659;-4.0700923;"1";1;0
282;"";"Eglise Evangelique";5.3461267;-4.0771213;"1";1;0
283;"";"Mission International Des Eglises Miracle";5.3460546;-4.0756769;"1";1;0
284;"";"Eglise De La Saveur Du Christ";5.3458012;-4.074771;"1";1;0
285;"";"Eglise Province Ecclésiastique d'Abidjan";5.3432919;-4.0750185;"1";1;0
286;"";"Eglise Evangelique";5.345226;-4.0750473;"1";1;0
287;"";"Eglise Evangelique MIADI";5.3471054;-4.0770972;"1";1;0
288;"";"Eglise Nouvelle Du Christ";5.3467142;-4.0782438;"1";1;0
289;"";"Mosquée Bamba";5.3434288;-4.0776785;"1";1;0
290;"";"Eglise MDVJC";5.3471875;-4.0780621;"1";1;0
291;"";"Eglise Evangelique Assemblée De Dieu";5.3427938;-4.0790498;"1";1;0
292;"";"Eglise Temple Canaan";5.343175;-4.0800007;"1";1;0
293;"";"Eglise Universelle";5.3531074;-4.0739489;"1";1;0
294;"";"Mosquée UOSMANE";5.3472029;-4.0798612;"1";1;0
295;"";"Ministère de la Montagne de Feu et de Miracles(1er Etage)";5.3490903;-4.0731443;"1";1;0
296;"";"Eglise Ministère de la Grâce et de la Miséricorde";5.3580438;-4.0738658;"1";1;0
297;"";"Eglise Evangelique la Maison des Aigles";5.3526661;-4.0693456;"1";1;0
298;"";"Eglise Baptiste Union";5.3589912;-4.067633;"1";1;0
299;"";"Eglise";5.3466247;-4.082294;"1";1;0
300;"";"Eglise";5.3463951;-4.0826413;"1";1;0
301;"";"Eglise Pathemos Dieudonné";5.3458156;-4.0813713;"1";1;0
302;"";"Eglise Jésus Christ des Saints des Derniers Jours";5.3414372;-4.0743043;"1";1;0
303;"";"Eglise Mouvement Chapelle";5.3384174;-4.074592;"1";1;0
304;"";"Temple EEMIR";5.3384715;-4.074527;"1";1;0
305;"";"Eglise Pentecôte International de CI";5.3383734;-4.0753303;"1";1;0
306;"";"Eglise MIGRAD";5.3365547;-4.0784483;"1";1;0
307;"";"Eglise La Vie Profonde";5.3373285;-4.0759908;"1";1;0
308;"";"Eglise Apostolique";5.3362376;-4.0744351;"1";1;0
309;"";"Eglise Assemblée De Dieu";5.3363931;-4.0738799;"1";1;0
310;"";"Eglise de Jésus Christ";5.3518837;-4.0640187;"1";1;0
311;"";"Eglise Evangelique Vision de Christ";5.3505691;-4.0658681;"1";1;0
312;"";"Eglise Pentecote Internationale: Temple Nayoth";5.3499055;-4.0704627;"1";1;0
313;"";"Mosquée: Nour Adou Brahman";5.3495047;-4.070533;"1";1;0
314;"";"Mission Evangelique De La Communication";5.3455512;-4.0685684;"1";1;0
315;"";"Mission Evangelique Patamos";5.3455198;-4.0690251;"1";1;0
316;"";"Foursquare";5.3461093;-4.0688427;"1";1;0
317;"";"Mission Evangelique Grâce De Vie";5.3458516;-4.0687394;"1";1;0
318;"";"Eglise evangelique preshytienne de ci";5.3742014;-3.99647;"1";1;0
319;"";"Eglise chretienne rachétée de DIEU";5.3706418;-3.9965471;"1";1;0
320;"";"Eglie Vase d'honneur";5.3805476;-4.0946844;"1";1;0
321;"";"Eglise";5.3796651;-4.0932427;"1";1;0
322;"";"Eglise Bethel International";5.3794688;-4.0939542;"1";1;0
323;"";"Eglise UEEDO-CI";5.3531922;-4.0672756;"1";1;0
324;"";"Eglise Catholique Saint Francois d'Assise";5.3832925;-4.0964019;"1";1;0
325;"";"Eglise Internationale Evangélique Temple Bethesda";5.3816438;-4.0962777;"1";1;0
326;"";"Mission Internationale d'évangélisation et de délivrance des âmes";5.3798821;-4.0969536;"1";1;0
327;"";"Eglise Internationale Evangélique des ambassades de Dieu";5.3796511;-4.0964178;"1";1;0
328;"";"Eglise Nouvelle Alliance";5.3478261;-4.068953;"1";1;0
329;"";"Eglise minitère d'ecoute et de prière";5.3743223;-4.0067093;"1";1;0
330;"";"Eglise";5.3409859;-4.0818266;"1";1;0
331;"";"Eglise";5.3423665;-4.0805841;"1";1;0
332;"";"Eglise le ministère du reveil";5.3733676;-4.007404;"1";1;0
333;"";"Eglise mission parole";5.3725932;-4.0099548;"1";1;0
334;"";"Communauté Missionnaire Régina Pacis";5.3725685;-4.0784919;"1";1;0
335;"";"Eglise Meveci";5.373867;-4.009124;"1";1;0
336;"";"Eglise";5.3460719;-4.0800315;"1";1;0
337;"";"Eglise Méthodiste";5.3837468;-4.099963;"1";1;0
338;"";"Eglise Evangélique du statut divin";5.3833082;-4.0970045;"1";1;0
339;"";"Eglise protestante CMA";5.3827067;-4.0967383;"1";1;0
340;"";"Eglise Dehima de Micao";5.3827514;-4.096794;"1";1;0
341;"";"Eglise Apostotique de CI";5.3823655;-4.0983973;"1";1;0
342;"";"Centre évangélique autel";5.3841447;-4.1006564;"1";1;0
343;"";"Eglise";5.3826359;-4.1013175;"1";1;0
344;"";"Eglise évangélique Jésus- Christ en action";5.3818601;-4.0985227;"1";1;0
345;"";"Eglise Assemblée de Dieu de Yopougon";5.3814996;-4.0985522;"1";1;0
346;"";"Eglise Internationale Foursquare CI";5.3809349;-4.0965117;"1";1;0
347;"";"Salon de Coiffure homme";5.3815584;-4.0973103;"1";1;0
348;"";"Eglise protestante bon Berger";5.3816532;-4.0977944;"1";1;0
349;"";"Eglise de Jésus Christ les saints";5.3809021;-4.0982028;"1";1;0
350;"";"Salon de Coiffure Homme";5.3811645;-4.0992851;"1";1;0
351;"";"Eglise MIGEC";5.3812733;-4.0993005;"1";1;0
352;"";"Eglise Universelle";5.381019;-4.0996894;"1";1;0
353;"";"Eglise Méthodiste";5.380772;-4.0997672;"1";1;0
354;"";"Eglise Pentecôte Internationale de CI";5.3802566;-4.0975812;"1";1;0
355;"";"Eglise Assemblée de Dieu Annexe";5.3854384;-4.0983081;"1";1;0
356;"";"Eglise évangélique les Assemblées de Dieu";5.3899046;-4.0931636;"1";1;0
357;"";"Eglise évangélique les amis du Saint- Esprit";5.3869632;-4.0938999;"1";1;0
358;"";"Mission évangélisatique de délivrance pour le salut des âmes";5.3869792;-4.0948226;"1";1;0
359;"";"Eglise Baptiste Oeuvre et Mission";5.3853263;-4.0945798;"1";1;0
360;"";"Eglise Assemblée de Dieu de MICAO";5.3854037;-4.0959156;"1";1;0
361;"";"Numa Toulahi";5.3747041;-4.0024178;"1";1;0
362;"";"Eglise Eden";5.34289;-4.0629499;"1";1;0
363;"";"Salle de Témoin de Jéhovah";5.3425014;-4.0595904;"1";1;0
364;"";"Eglise Nazaréen";5.3673478;-4.0729914;"1";1;0
365;"";"Eglise Apostolique du Christ";5.3661414;-4.073906;"1";1;0
366;"";"Mosquée Zawiyate Sankara Moussa";5.3659538;-4.0807349;"1";1;0
367;"";"Communauté Catholique Mère Maria-Rosa Mystica";5.3643181;-4.081091;"1";1;0
368;"";"Eglise Chretienne Rachetée de Dieu";5.3748784;-4.002053;"1";1;0
369;"";"Eglise";5.372238;-4.0019273;"1";1;0
370;"";"Eglise Pentécote";5.3778122;-4.0041351;"1";1;0
371;"";"Eglise";5.3773552;-4.094097;"1";1;0
372;"";"Église Néo Apostolique";5.3457207;-4.0568767;"1";1;0
373;"";"Eglise Chrétienne Rachetée de Dieu";5.3748457;-4.0021522;"1";1;0
374;"";"Eglise du lion de la tribu de Juda";5.3779103;-4.0054309;"1";1;0
375;"";"La cellule resurrection et vie";5.373865;-4.0061152;"1";1;0
376;"";"MIJEM mission international Jesus en moi";5.3731286;-4.0034055;"1";1;0
377;"";"Temple God is God";5.3731386;-4.0059053;"1";1;0
378;"";"Eglise evangelique temple de l'eden";5.3731396;-4.0058096;"1";1;0
379;"";"Temple emmanuel";5.3731893;-4.0046058;"1";1;0
380;"";"Eglise Evangelique";5.3405085;-4.0766368;"1";1;0
381;"";"Eglise";5.3418638;-4.0786971;"1";1;0
382;"";"la mission évangelique Grâce de Vie";5.3763257;-4.0068964;"1";1;0
383;"";"Eglise";5.3503054;-4.0786736;"1";1;0
384;"";"Eglise apostolique du christ international";5.3745699;-4.0036834;"1";1;0
385;"";"Eglise Evangelique MEG SV";5.3458249;-4.0837933;"1";1;0
386;"";"Eglise CMC";5.3459331;-4.0839154;"1";1;0
387;"";"Eglise Evangelique Christ";5.3368992;-4.0685329;"1";1;0
388;"";"Eglise CEMO";5.3394483;-4.0976831;"1";1;0
389;"";"Eglise Evangélique la Saintété";5.3375301;-4.0952168;"1";1;0
390;"";"Eglise Baptiste Missionnaire temple Bethel";5.339493;-4.0961798;"1";1;0
391;"";"Mission évangélique la vision du Christ";5.3388961;-4.0970609;"1";1;0
392;"";"Mission évangélique centre flambeaux de miracle en CI";5.3368221;-4.094891;"1";1;0
393;"";"Mission prophétique aux âmes du salut";5.3367697;-4.0949426;"1";1;0
394;"";"Eglise des Assemblées de Dieu Yop Maroc";5.3369159;-4.0953342;"1";1;0
395;"";"Eglise Evangélique MEDRA";5.3324206;-4.0977482;"1";1;0
396;"";"Eglise la Shekina de Jésus- Christ";5.3344189;-4.1022335;"1";1;0
397;"";"Eglise UEESO- CI";5.3348529;-4.1017507;"1";1;0
398;"";"Mission pour l'évangélisation et la renouvellement de l'esprit";5.3332479;-4.099967;"1";1;0
399;"";"Eglise de la victoire temple Shalom";5.3328766;-4.0959759;"1";1;0
400;"";"Communauté Immaculé de Jésus";5.3324427;-4.0956098;"1";1;0
401;"";"Eglise Evangélique la Parole est Esprit et Vie";5.3764366;-4.0979554;"1";1;0
402;"";"Mosquée de Gesco";5.3667149;-4.0993414;"1";1;0
403;"";"Eglise Baptiste";5.3682831;-4.0989042;"1";1;0
404;"";"Eglise Parole Vivante";5.3725137;-4.0970434;"1";1;0
405;"";"Eglise Evangélique";5.3456493;-4.1057204;"1";1;0
406;"";"Eglise Evangélique";5.3475112;-4.1047481;"1";1;0
407;"";"Eglise MEARA";5.3439669;-4.0995506;"1";1;0
408;"";"Eglise évangélique Euphrata";5.343621;-4.097653;"1";1;0
409;"";"Eglise Béthanie Temple Peniel";5.3363063;-4.0685443;"1";1;0
410;"";"mission Fontaine du Christ";5.3388387;-4.0658674;"1";1;0
411;"";"Eglise Mission Elie Internationale";5.3371963;-4.0658078;"1";1;0
412;"";"Centre Evangelique Cité Salem";5.3405953;-4.0839878;"1";1;0
413;"";"Mission International De la Restauration Spirituelle";5.3415894;-4.0837122;"1";1;0
414;"";"Eglise MOD VIE";5.3494875;-4.0995272;"1";1;0
415;"";"Eglise mpvac";5.3528925;-4.1025835;"1";1;0
416;"";"Eglise mondial evangelico";5.3584578;-4.0956178;"1";1;0
417;"";"Eglise la maison de la benediction";5.356742;-4.0972647;"1";1;0
418;"";"Eglise EEPP";5.3573802;-4.0984918;"1";1;0
419;"";"Centre evangeliste international";5.3579744;-4.0998182;"1";1;0
420;"";"Eglisela";5.3512795;-4.1000971;"1";1;0
421;"";"Eglisela revelation de DIEU";5.3489588;-4.1021571;"1";1;0
422;"";"Eglise methodiste";5.3487331;-4.1025446;"1";1;0
423;"";"Eglise pentecôte";5.3483913;-4.1032541;"1";1;0
424;"";"Eglisse MIPP";5.3516373;-4.1028618;"1";1;0
425;"";"Eglise MIPJ";5.3533591;-4.1010218;"1";1;0
426;"";"Eglise MDR";5.3556998;-4.1009273;"1";1;0
427;"";"Eglise Vivante";5.3402278;-4.0630293;"1";1;0
428;"";"Eglise";5.3368198;-4.0809676;"1";1;0
429;"";"Eglise Protestante Evangelique unie de CI : EPEUCI";5.3736366;-4.1000542;"1";1;0
430;"";"Eglise Evangélique Rehoboth en Jesus Christ";5.3732107;-4.1003855;"1";1;0
431;"";"Chapelle Sainte Famille";5.3756368;-4.1012505;"1";1;0
432;"";"Mosquée Daris-Salame";5.3761415;-4.1008642;"1";1;0
433;"";"Ministère Prophétique de la Résurrection";5.3742275;-4.1001548;"1";1;0
434;"";"Eglise EGLOPA";5.3684974;-4.1019867;"1";1;0
435;"";"Eglise Pentecote";5.3371436;-4.0624825;"1";1;0
436;"";"Eglise Evangélique";5.3359224;-4.0992831;"1";1;0
437;"";"Eglise Pentecôte Internationale de CI";5.3397741;-4.0972218;"1";1;0
438;"";"Mission Internationale la délivrance et de la louange";5.3403569;-4.0992261;"1";1;0
439;"";"Eglise Evangélique mission des apôtres";5.3411231;-4.0999783;"1";1;0
440;"";"Eglise Evangélique les citoyens du Royaumes";5.3403489;-4.1001018;"1";1;0
441;"";"Eglise ECI";5.3353062;-4.1000441;"1";1;0
442;"";"Ministère de l'oeuvre de Jésus- Christ";5.3352341;-4.1004968;"1";1;0
443;"";"Eglise évangélique la Majestieuse";5.3350261;-4.1010872;"1";1;0
444;"";"Eglise Protestante Methodiste de Cote d'Ivoire";5.3398652;-4.0626853;"1";1;0
445;"";"Eglise CEDAM";5.3376116;-4.062976;"1";1;0
446;"";"El hadj Mory Doumbia";5.339227;-4.0635839;"1";1;0
447;"";"Eglise Evangélique des Assemblées de Dieu de CI";5.3710744;-4.108986;"1";1;0
448;"";"Eglise Evangélique la victoire Gesco";5.3651259;-4.0938891;"1";1;0
449;"";"Eglise La Miséricorde";5.3451359;-4.101056;"1";1;0
450;"";"Eglise Evangélique";5.370834;-4.1082101;"1";1;0
451;"";"Eglise Méthodique Emmanuel Gesco";5.3650351;-4.0943491;"1";1;0
452;"";"Eglise Evangelique";5.3431296;-4.101225;"1";1;0
453;"";"Mosquée Al-Mouya Hidine";5.3428953;-4.1033721;"1";1;0
454;"";"Mission Evangelique la Pierre Vivante";5.3422046;-4.103306;"1";1;0
455;"";"Ministère Evangelique le Refuge";5.3409845;-4.103808;"1";1;0
456;"";"Eglise Parole en Action";5.3462175;-4.1012518;"1";1;0
457;"";"Eglise du Christianisme Celeste";5.3462836;-4.1019351;"1";1;0
458;"";"Eglise MEDN";5.3461093;-4.102031;"1";1;0
459;"";"";5.3470256;-4.1032004;"1";1;0
460;"";"Eglise Protestante Evangelique CMA";5.3464598;-4.1033325;"1";1;0
461;"";"Cntre de Prière et de Délivrance La Restauration du Christ";5.3416475;-4.105537;"1";1;0
462;"";"Eglise Evangelique";5.3413871;-4.1060595;"1";1;0
463;"";"Eglise Christianiste Celeste";5.3468684;-4.0828646;"1";1;0
464;"";"Eglise Haris";5.3436364;-4.0816677;"1";1;0
465;"";"Mission Evangelique Feu et Action Pour Christ";5.3436471;-4.0818735;"1";1;0
466;"";"Eglise Evangelique";5.3282178;-4.0497145;"1";1;0
467;"";"Eglise Ambassade de JESUS";5.3398215;-4.0677597;"1";1;0
468;"";"Eglise Protestante Baptiste";5.3388287;-4.067735;"1";1;0
469;"";"Mission evangelique international de la nouvelle vie en jesuschrist";5.3569423;-4.097775;"1";1;0
470;"";"Egliseevangelique fondation miracle";5.3570998;-4.0995815;"1";1;0
471;"";"Eglise Evangelique";5.3361308;-4.0759492;"1";1;0
472;"";"Eglise Evangelique";5.336753;-4.075968;"1";1;0
473;"";"Eglise Foresquare";5.3592589;-4.0695756;"1";1;0
474;"";"Eglise Evangelique";5.3420481;-4.0963943;"1";1;0
475;"";"Eglise Pentecôtiste de Jésus Christ";5.3436778;-4.0953825;"1";1;0
476;"";"Mosquée Aboubakar Sidick";5.3443541;-4.0945322;"1";1;0
477;"";"Mosquée Hamza";5.347028;-4.0946271;"1";1;0
478;"";"Eglise des Saints des Derniers Jours";5.3401807;-4.0962991;"1";1;0
479;"";"Mission International d'Evangelisation en Cote d'Ivoire";5.3581881;-4.0664776;"1";1;0
480;"";"Église du Christ de Yopougon Gare";5.3572187;-4.0647483;"1";1;0
481;"";"Mission Pentecôtiste Internationale";5.3369893;-4.0718407;"1";1;0
482;"";"Eglise Evangeélique Pour l'Evangélisation des Nations";5.3424493;-4.1095291;"1";1;0
483;"";"LMosquée firdaussoul islam";5.3429621;-4.108939;"1";1;0
484;"";"";5.3435242;-4.111009;"1";1;0
485;"";"Eglise des Vainqueurs";5.3384822;-4.1121771;"1";1;0
486;"";"Eglise Ambassade des Vainceurs Bénédiction";5.3389055;-4.0718494;"1";1;0
487;"";"";5.353042;-4.0892871;"1";1;0
488;"";"Eglise";5.34473;-4.096338;"1";1;0
489;"";"Eglise Evangelique Christ Ressuscité";5.3382519;-4.0718722;"1";1;0
490;"";"Eglise Evangelique Mission International du Temple de la Grace";5.3391004;-4.0695984;"1";1;0
491;"";"Mission Evangelique Internationale la Gloire de Dieu";5.3562546;-4.0987644;"1";1;0
492;"";"Eglise Silo";5.3455181;-4.0989823;"1";1;0
493;"";"Eglise";5.344748;-4.0989149;"1";1;0
494;"";"Eglise Apostolique";5.3652234;-4.0957855;"1";1;0
495;"";"Eglise Mission Evangelique Christ Revient";5.3624248;-4.0990658;"1";1;0
496;"";"Eglise Protestante Oeuvre et Mission";5.362587;-4.0991;"1";1;0
497;"";"Eglise pentecôte internationale de CI";5.3536495;-4.1017111;"1";1;0
498;"";"Eglise MPPE";5.3536983;-4.1005082;"1";1;0
499;"";"Eglise vie nouvelle international";5.3517808;-4.1015334;"1";1;0
500;"";"Eglise MIRM";5.3523477;-4.1016944;"1";1;0
501;"";"Eglise";5.3541623;-4.1000817;"1";1;0
502;"";"Eglise de l'armé royale";5.3578422;-4.0965982;"1";1;0
503;"";"Eglise Aime Ton Prochain";5.3411675;-4.0977314;"1";1;0
504;"";"Mosquée Du Maroc";5.3403816;-4.097596;"1";1;0
505;"";"Eglise Méthodique Gesco";5.367034;-4.0953684;"1";1;0
506;"";"Centre Apostolique evangélique mondial";5.3652354;-4.0958485;"1";1;0
507;"";"Eglise Evangelique de Sion et de la Délivrance";5.3371796;-4.0642414;"1";1;0
508;"";"Eglise Pentecote";5.3369847;-4.0651499;"1";1;0
509;"";"Eglise MIEFAC";5.3380128;-4.0642192;"1";1;0
510;"";"Eglise Michel Vako";5.3459911;-4.0989055;"1";1;0
511;"";"Eglise le ministère de la nouvelle allaiance";5.3494855;-4.0942781;"1";1;0
512;"";"Eglise le ministère de la nouvelle allaiance";5.3564796;-4.089202;"1";1;0
513;"";"Mosquée raddja";5.3505825;-4.0941795;"1";1;0
514;"";"Mission Evangelique des Elus de Dieu";5.3361928;-4.0653806;"1";1;0
515;"";"Eglise Evangelique";5.346367;-4.1050491;"1";1;0
516;"";"Église Protestante Baptiste Œuvres et Mission - Grand Bassam";5.208413;-3.7324227;"1";1;0
517;"";"Paroisse Saint Pierre de Koumassi";5.2837624;-3.947462;"1";1;0
518;"";"Eglie Methodiste Rehoboth de Zoé Bruno";5.2825645;-3.94561;"1";1;0
519;"";"Mosquée Tarnagda";5.2827808;-3.9460632;"1";1;0
520;"";"Mosquée Taqwa Marahoué";5.4422442;-4.0481018;"1";1;0
521;"";"Eglise Meida";5.3345591;-4.0960577;"1";1;0
522;"";"Mission Prophétique du Christ";5.3345277;-4.0977562;"1";1;0
523;"";"Mosquée TAKWA";5.2879736;-3.9501831;"1";1;0
524;"";"Eglise Mission Evangelique";5.2888529;-3.9498438;"1";1;0
525;"";"Mosquée Rahman";5.2902217;-3.94931;"1";1;0
526;"";"Eglise Evangélique de Réveil International";5.4376963;-4.0464556;"1";1;0
527;"";"Mission Evangélique Péniel";5.4386893;-4.0477478;"1";1;0
528;"";"Eglise Evangélique de Réveil International";5.4407887;-4.0488334;"1";1;0
529;"";"Eglise Baptiste Vie Nouvelle";5.4376446;-4.0414613;"1";1;0
530;"";"Eglise Evangélique";5.4372861;-4.0394051;"1";1;0
531;"";"Eglise ministère des moissonneurs";5.4402623;-4.0606956;"1";1;0
532;"";"Mosquée Aminata";5.4402019;-4.0618247;"1";1;0
533;"";"Mosquée vod-ci";5.4399235;-4.0637404;"1";1;0
534;"";"Mosquée Sabil Nadjah";5.4407339;-4.0656307;"1";1;0
535;"";"Eglise des témoins de Jéhovah";5.4426117;-4.0659506;"1";1;0
536;"";"église évangélique foi et mission de Côte d'Ivoire";5.4417299;-4.0684531;"1";1;0
537;"";"Eglise de Pentecôte internationnal de Côte d'Ivoire";5.4424635;-4.0685047;"1";1;0
538;"";"Mission Evangélique la Flamme de Christ";5.2814801;-3.9478979;"1";1;0
539;"";"Mosquée Bilal";5.4423467;-4.0582936;"1";1;0
540;"";"Eglise Baptiste Missionnaire";5.2981545;-3.9544753;"1";1;0
541;"";"Eglise MIDE J.C";5.4370698;-4.0556006;"1";1;0
542;"";"Mosquée Sekou Diarrassouba";5.4362855;-4.0560043;"1";1;0
543;"";"Eglise Méthodiste Unie-CI";5.4360412;-4.0452433;"1";1;0
544;"";"Paroisse St Mathieu Anonkoua";5.4348195;-4.045938;"1";1;0
545;"";"Mission Internationnale de Victoire";5.2966182;-3.9526333;"1";1;0
546;"";"Mission Evangélique Thé Corner Stone";5.2820143;-3.950741;"1";1;0
547;"";"Eglise du Christ d'Abobo";5.4437512;-4.0523002;"1";1;0
548;"";"Eglise évangélique Nouvelle Jérusalem";5.4423694;-4.051128;"1";1;0
549;"";"Eglise évangélique Philadelphie";5.4423093;-4.0497909;"1";1;0
550;"";"Eglise du Christ Mission Harris";5.4421701;-4.0518475;"1";1;0
551;"";"Eglise Baptiste Fondamentale De La Victoire";5.4433019;-4.0509295;"1";1;0
552;"";"Eglise Evangélique La Nouvelle Jérusalem En Jésus-Christ";5.442371;-4.0511046;"1";1;0
553;"";"Eglise Biblique De La Vie Profonde";5.4426077;-4.0501457;"1";1;0
554;"";"Eglise Harris";5.4421337;-4.051877;"1";1;0
555;"";"Mosquée Anonkoua II Masjid Takiwa I";5.438949;-4.0517195;"1";1;0
556;"";"Eglise Assemblée de Dieu";5.4387193;-4.0505621;"1";1;0
557;"";"Grande Mosquée Coopération Turquie Ankara";5.431542;-4.0583083;"1";1;0
558;"";"Eglise";5.4317943;-4.0566936;"1";1;0
559;"";"Mosquée Sakina";5.4333189;-4.0562061;"1";1;0
560;"";"Eglise évangélique la réconciliation";5.4360385;-4.0548952;"1";1;0
561;"";"Mosquée Aboubaker";5.430054;-4.0582681;"1";1;0
562;"";"Eglise";5.4331147;-4.0648462;"1";1;0
563;"";"Eglise";5.4338824;-4.0611501;"1";1;0
564;"";"Eglise Du Christ De Côte D'Ivoire";5.4339668;-4.0646564;"1";1;0
565;"";"Eglise Evangélique";5.4269553;-4.058024;"1";1;0
566;"";"Eglise Temple De La Foi";5.4279759;-4.0616101;"1";1;0
567;"";"Eglise Des Assemblé De Dieu";5.4281295;-4.0614572;"1";1;0
568;"";"Eglise évangélique temple le Jourdan";5.4380532;-4.0529459;"1";1;0
569;"";"Eglises de Pentécote Internationale de Cote d'Ivoire";5.2979756;-3.9512238;"1";1;0
570;"";"Mosquée Adja Sylla";5.4274446;-4.0648462;"1";1;0
571;"";"Eglise Dema";5.4280954;-4.0644881;"1";1;0
572;"";"Eglise Du Christianisme Celeste";5.4358069;-4.0382367;"1";1;0
573;"";"Mission Evangélique La Maison De la Grâce";5.4344991;-4.0345557;"1";1;0
574;"";"Fédération Des Eglises Adventistes Du 7ème Jour En Côte d'Ivoire";5.433096;-4.0339042;"1";1;0
575;"";"Mission Action Evangélique Pour Le Salut Des Ames";5.4333623;-4.0333068;"1";1;0
576;"";"Mosquée Hamza";5.2993457;-3.9683645;"1";1;0
577;"";"Eglise Evangélique les Amis de Jésus";5.2992916;-3.9684872;"1";1;0
578;"";"Mission Evangélique de Restauration Par l'Esprit Saint";5.3006497;-3.9680744;"1";1;0
579;"";"Mission Evangélique El Bethel";5.300397;-3.9687621;"1";1;0
580;"";"Eglise Assemblée des Aigles";5.3004627;-3.9690048;"1";1;0
581;"";"Mosquée Rachide";5.3035875;-3.9685556;"1";1;0
582;"";"Eglise";5.4322382;-4.0346492;"1";1;0
583;"";"Témoin De Jéhovah";5.4317516;-4.0349892;"1";1;0
584;"";"Mission International Rebatir Les Murailles";5.4315974;-4.0348115;"1";1;0
585;"";"Eglise CIESAM";5.4310293;-4.0340403;"1";1;0
586;"";"Eglise MIDAS";5.4295827;-4.0334348;"1";1;0
587;"";"Eglise Méthodiste Unie d'Anonkoua Kouté";5.4295233;-4.035594;"1";1;0
588;"";"Eglise Evangélique";5.4324458;-4.0372033;"1";1;0
589;"";"Mission Evangélique La Gloire de Jésus-Christ CI";5.4338323;-4.037371;"1";1;0
590;"";"Eglise évangélique UEESO";5.4316127;-4.0354203;"1";1;0
591;"";"Eglise Evangélique";5.4349197;-4.0398936;"1";1;0
592;"";"Eglise Evangélique le Mont des Oliviers";5.2967097;-3.9675591;"1";1;0
593;"";"Eglise Mission UCAE-CI";5.3036189;-3.9674539;"1";1;0
594;"";"Mosquée Iklas Kocthe";5.4292256;-4.0511153;"1";1;0
595;"";"Eglise Le Seigneur Est Mon Berger";5.4289532;-4.0506016;"1";1;0
596;"";"Maison Des Prêtes";5.4338904;-4.046689;"1";1;0
597;"";"Eglise Evangélique Des Assemblées De Dieu d'Anonkoua 3 Vallon";5.4263898;-4.0390608;"1";1;0
598;"";"Eglise MEPCI Camp Peniel";5.427783;-4.0383165;"1";1;0
599;"";"Eglise African Faith Tabernacle";5.4280621;-4.0388623;"1";1;0
600;"";"Temple Jérusalem";5.4260804;-4.0344698;"1";1;0
601;"";"Eglis évangélique des unis en Christ";5.4302162;-4.0342905;"1";1;0
602;"";"Eglise Mission internationale tutelle pentecôte";5.4296528;-4.0306292;"1";1;0
603;"";"Eglise MDGJJ";5.4283097;-4.0277848;"1";1;0
604;"";"Ministère Christ Est La Solution";5.4266535;-4.0283564;"1";1;0
605;"";"Eglise Temple De La Parole Du christ";5.4245908;-4.0514841;"1";1;0
606;"";"Mission Prophetique De Dieu MPPD";5.4273137;-4.0504119;"1";1;0
607;"";"Mosquée Nigériane";5.4277396;-4.0498761;"1";1;0
608;"";"Mosquée Hiziboulaye";5.4281542;-4.0242724;"1";1;0
609;"";"Eglise Evangélique Des Assemblées De Dieu";5.4214353;-4.0532483;"1";1;0
610;"";"Eglise Evangélique De Réveil International de CI";5.4235034;-4.0505668;"1";1;0
611;"";"Chapelle Saint Kisito";5.4218745;-4.0481535;"1";1;0
612;"";"Eglise Evangélique";5.4198886;-4.0441771;"1";1;0
613;"";"Eglise";5.4221242;-4.0466742;"1";1;0
614;"";"Mosquée La Barakate";5.4225294;-4.0489615;"1";1;0
615;"";"Eglise Evangélique";5.4271949;-4.0575694;"1";1;0
616;"";"Eglise Evangélique";5.4287112;-4.0497001;"1";1;0
617;"";"Eglise Evangélique Internationale Jésus Guérit";5.4297035;-4.0400612;"1";1;0
618;"";"Mission Evangélique Actions et Grâces Divines";5.4286395;-4.0404461;"1";1;0
619;"";"Mission Biblique Fondamentale";5.4285377;-4.0387148;"1";1;0
620;"";"Mosquée Tour Sinine";5.3009775;-3.9669959;"1";1;0
621;"";"Église Évangélique";5.3019543;-3.967016;"1";1;0
622;"";"Mosquée de la Miséricorde de Koumassi Remblais";5.2979355;-3.9668537;"1";1;0
623;"";"Eglise Universelle";5.4494912;-4.0521969;"1";1;0
624;"";"Mosquée Bilal";5.4533254;-4.0578838;"1";1;0
625;"";"Eglise évangélique le réveil international";5.428494;-4.0323029;"1";1;0
626;"";"Eglise Bon Berger International";5.3024778;-3.9636639;"1";1;0
627;"";"Eglise Ministère Spirituel des Soldats de Dieu de Côte d'Ivoire";5.3022294;-3.9636411;"1";1;0
628;"";"Mosquée Toure Nadjah";5.3013066;-3.963383;"1";1;0
629;"";"Eglise du Plein Evangile";5.3022875;-3.9641681;"1";1;0
630;"";"Mosquée Traoré Adja";5.4322742;-4.0772668;"1";1;0
631;"";"Mosquée El Alassane";5.4300373;-4.0765339;"1";1;0
632;"";"Christianisme céleste";5.2991981;-3.9483766;"1";1;0
633;"";"Mosquée Lacina Kone";5.4330212;-4.0779756;"1";1;0
634;"";"Eglise Evangélique Primitive";5.432318;-4.0588397;"1";1;0
635;"";"Eglise Evangélique de Révélation";5.4495279;-4.0567969;"1";1;0
636;"";"Eglise apostolique du Christ";5.296068;-3.9494294;"1";1;0
637;"";"Eglise MEDFA";5.4496548;-4.0623759;"1";1;0
638;"";"Eglise La Porte des Cieux";5.4512481;-4.0567305;"1";1;0
639;"";"Eglise La Foi Apostolique";5.4526779;-4.0608812;"1";1;0
640;"";"Eglise Mission Evangélique";5.4527287;-4.0633193;"1";1;0
641;"";"Eglise Pentecôte de CI";5.4460001;-4.0535776;"1";1;0
642;"";"Eglise de Pentecôte de CI";5.44697;-4.0512729;"1";1;0
643;"";"Mosquée Haidara";5.4243518;-4.024609;"1";1;0
644;"";"Eglise parole de vie";5.2882246;-3.9503333;"1";1;0
645;"";"Mission Evangelique Le Jourdain";5.301212;-3.9483466;"1";1;0
646;"";"Centrale de Restauration du CHRIST";5.3037836;-3.9456806;"1";1;0
647;"";"Eglise Evangélique MIDEB";5.4450008;-4.0544392;"1";1;0
648;"";"Eglise De La Mission Evangelique";5.438248;-4.0706585;"1";1;0
649;"";"Eglise Jesus Christ";5.4380738;-4.0697285;"1";1;0
650;"";"Mosquée Konaté";5.4367134;-4.0697687;"1";1;0
651;"";"Eglise Pentecote";5.428755;-4.0799936;"1";1;0
652;"";"Mission evangelique SINAI";5.2996231;-3.9517679;"1";1;0
653;"";"Eglise Evangélique des Assemblées de Dieu Abobo PK 18";5.4458832;-4.0556677;"1";1;0
654;"";"Mission evangelique La Delivrance";5.3015277;-3.9545712;"1";1;0
655;"";"Ministere de la delivrance spirituelle";5.3005754;-3.9551946;"1";1;0
656;"";"Mosquée Tawfike";5.3019493;-3.9598732;"1";1;0
657;"";"Temoin de Jehovah";5.2980417;-3.95953;"1";1;0
658;"";"Groupe Scolaire Baradji";5.2977826;-3.9592342;"1";1;0
659;"";"Mosquée Zawia Baradji";5.2974795;-3.9593013;"1";1;0
660;"";"Eglise assemblée de Dieu Aziel";5.433646;-4.0295939;"1";1;0
661;"";"Eglise Mission de voix de l'evangile Mve Béthel";5.4321548;-4.0271571;"1";1;0
662;"";"Eglise MIEBC";5.4307783;-4.0260132;"1";1;0
663;"";"Eglise Evangélique EEMA";5.4313297;-4.026559;"1";1;0
664;"";"Eglise evangelique";5.2957408;-3.9575706;"1";1;0
665;"";"Eglise Evangélique";5.4467163;-4.0642025;"1";1;0
666;"";"Mosquée Nour";5.440511;-4.0725408;"1";1;0
667;"";"Mosquée Nabil";5.4427746;-4.0715497;"1";1;0
668;"";"Eglise Evangelique Mission Pour Chris";5.4388929;-4.0698693;"1";1;0
669;"";"Mission Dehima en CI Paroisse Lulu Jacques";5.4459116;-4.0636858;"1";1;0
670;"";"Mosquéu NOUROULOUDHA";5.2959512;-3.9591923;"1";1;0
671;"";"Eglise de Dieu";5.301757;-3.9561185;"1";1;0
672;"";"Eglise Evangélique la Race des Vainquers";5.3018742;-3.9558318;"1";1;0
673;"";"Mission Evangelique MEARD";5.3003719;-3.9554255;"1";1;0
674;"";"Centre Evangelisation Polyvalent";5.4466516;-4.0795068;"1";1;0
675;"";"Eglise Methodiste Unie de CI";5.4462017;-4.0784202;"1";1;0
676;"";"Ministère de la vie chrétienne profonde";5.2961853;-3.9588597;"1";1;0
677;"";"Eglise Pentecôtiste International en CI Temple La Grâce";5.444109;-4.0625891;"1";1;0
678;"";"Communauté Evangélique du Christ La Semence";5.4445535;-4.062003;"1";1;0
679;"";"Eglise Evangélique Ministère de la Délivrance par le Feu de Jésus Christ";5.4442518;-4.061535;"1";1;0
680;"";"église";5.4444107;-4.0448899;"1";1;0
681;"";"église mission de la grâce";5.4460341;-4.0473153;"1";1;0
682;"";"Mosquée Souleymane";5.4437992;-4.0641213;"1";1;0
683;"";"Grande Mosquée";5.3044595;-3.9583196;"1";1;0
684;"";"Eglise Evangélique ""Temple Bethshaida""""""";5.3046324;-3.9587635;"1";1;0
685;"";"Mosquée Al Moudjahidinesl";5.3046044;-3.9590619;"1";1;0
686;"";"Mosquée dAhl-Baldr";5.3033378;-3.9589278;"1";1;0
687;"";"Eglise Christianisme Céleste Ebenezer";5.3031568;-3.9586327;"1";1;0
688;"";"Eglise Evangelique (Ministère Evangelique d'Adoration Iternational)";5.3015864;-3.9584564;"1";1;0
689;"";"Mosquée El Hadj Seydou Sana";5.3011898;-3.9585127;"1";1;0
690;"";"Eglise Protestante Baptiste Oeuvre et Mission Internationale";5.3005522;-3.9586897;"1";1;0
691;"";"Sacerdoce Royal - Prophète Zady";5.3475171;-4.0797017;"1";1;0
692;"";"Eglise Evangelique";5.2843713;-3.9493865;"1";1;0
693;"";"Mission Mondiale de Jésus Christ";5.3025946;-3.9642476;"1";1;0
694;"";"Eglise Medra";5.3004908;-3.952475;"1";1;0
695;"";"Eglise Evangelique Chambre Haute";5.2999917;-3.951434;"1";1;0
696;"";"Zawya Rasrou Dine";5.3055877;-3.9545189;"1";1;0
697;"";"Eglise Evangelique Protestante";5.3013237;-3.9534859;"1";1;0
698;"";"Shilo";5.3011391;-3.9500222;"1";1;0
699;"";"Paroisse Notre Dame de lAssomption de prodomo";5.3007018;-3.9488474;"1";1;0
700;"";"Eglise MIEDA";5.3007792;-3.9483733;"1";1;0
701;"";"Paroisse Saint Jacob";5.4439407;-4.0802173;"1";1;0
702;"";"Mosquée Houda";5.4408701;-4.0763904;"1";1;0
703;"";"Centrede Prière Bethzata";5.4397994;-4.0769906;"1";1;0
704;"";"Eglise Evangelique Assemblées de Dieu";5.4380758;-4.0774083;"1";1;0
705;"";"Eglise Evangelique Reveil Des Nations";5.4333216;-4.0326557;"1";1;0
706;"";"Eglise Parole de Vie";5.2882319;-3.9503017;"1";1;0
707;"";"Eglise";5.2978568;-3.94741;"1";1;0
708;"";"Eglise la Restauration du Dieu Vivant";5.2982086;-3.9502595;"1";1;0
709;"";"Eglise Evangelique El Kabod";5.4450488;-4.0834594;"1";1;0
710;"";"Le Temple Chandelier d'Or";5.4550396;-4.069998;"1";1;0
711;"";"Eglise Evangélique Mission de Jésus Chist";5.4448656;-4.0629125;"1";1;0
712;"";"Eglise Evangélique La Race Des vainqueurs";5.445396;-4.0669578;"1";1;0
713;"";"Eglise Le Temple Du Tabernacle";5.4548904;-4.0691642;"1";1;0
714;"";"Eglise Temple Maranatha";5.452947;-4.0671355;"1";1;0
715;"";"Eglise Mission International De La Foi";5.4506847;-4.0687736;"1";1;0
716;"";"Eglise Temple de La Transformation";5.4550249;-4.0703957;"1";1;0
717;"";"Eglise Evangélique CMA";5.4543801;-4.0702924;"1";1;0
718;"";"Mission Evangélique Santuaire du Salut";5.4450075;-4.0649246;"1";1;0
719;"";"Centre Evangélique De Réveil Spirituel";5.4471782;-4.068203;"1";1;0
720;"";"Mosquée Nouroul Islam";5.4513135;-4.0685852;"1";1;0
721;"";"Eglise MIREPA";5.454836;-4.0706276;"1";1;0
722;"";"Eglise Catholique";5.4535691;-4.0708047;"1";1;0
723;"";"Mosquée Koné";5.4455024;-4.0664294;"1";1;0
724;"";"Eglise Evangélique De Pentecôte Shilo";5.4490807;-4.0682533;"1";1;0
725;"";"Eglise Evangelique De Royaume De Stabilité";5.4478671;-4.0739952;"1";1;0
726;"";"Eglise Evangelique La Fontaine";5.4426658;-4.0743573;"1";1;0
727;"";"Eglise Pentecôte du Salut";5.4517935;-4.0681762;"1";1;0
728;"";"Eglise";5.4509778;-4.0582319;"1";1;0
729;"";"Eglise Chrétienne des Rachetés de Dieu";5.4531766;-4.0661779;"1";1;0
730;"";"Eglise";5.4543728;-4.0671375;"1";1;0
731;"";"Eglise Evangelique Docteur Maman";5.4424301;-4.0738101;"1";1;0
732;"";"Eglise Ptotestante CMA";5.4441774;-4.0525017;"1";1;0
733;"";"Eglise Baptiste";5.4462571;-4.0542991;"1";1;0
734;"";"Camp De Prière La Piscine De Bethesda";5.4511847;-4.0494141;"1";1;0
735;"";"Eglise Cathédrale de l'Abondance";5.4483364;-4.0646853;"1";1;0
736;"";"Eglise Apostolique De La Foi";5.4517948;-4.0744472;"1";1;0
737;"";"Eglise Uesso";5.4435542;-4.0720439;"1";1;0
738;"";"Eglise International de la Gloire du Christ";5.4559388;-4.0656455;"1";1;0
739;"";"Eglise protestante oeuvre et mission internatinale";5.4258358;-4.0223359;"1";1;0
740;"";"Eglise des Saints des Derniers Jours";5.4512114;-4.0537633;"1";1;0
741;"";"Mosquée Sanogo";5.4608303;-4.049512;"1";1;0
742;"";"Eglise De Jesus Christ Des Saints Des Derniers Jours";5.4602929;-4.0499351;"1";1;0
743;"";"Eglise";5.4561671;-4.048187;"1";1;0
744;"";"Eglise Catholique Louis Marie Palazzolo";5.4584273;-4.0436661;"1";1;0
745;"";"";5.4506921;-4.0783511;"1";1;0
746;"";"Mission Evangelico Temple";5.4445348;-4.0746155;"1";1;0
747;"";"Eglise évangélique baptiste missionnnaire";5.4474232;-4.0502509;"1";1;0
748;"";"Eglise MIC-CI";5.4552953;-4.0501671;"1";1;0
749;"";"Mosquée Nadjat Bamba";5.452985;-4.0447571;"1";1;0
750;"";"Eglise";5.4311655;-4.0315935;"1";1;0
751;"";"Eglise Evangelique La Nouvel Jerusalem";5.4379603;-4.0528768;"1";1;0
752;"";"ONG Missionnaire De L'Evangile Du Christ";5.4403341;-4.0528272;"1";1;0
753;"";"Eglise Fousquare";5.4362121;-4.0523525;"1";1;0
754;"";"Eglise Evangelique Foursquare";5.4361627;-4.052158;"1";1;0
755;"";"Eglise Evangelique Jesus Christ Est Seigneur De Cote D ivoire";5.4371733;-4.0834285;"1";1;0
756;"";"Eglise De Jesus Christ Des Saints Des Derniers Jours";5.4476909;-4.0487248;"1";1;0
757;"";"Mosquée De La Paix Adja Korotoum Djakité";5.4446503;-4.0457428;"1";1;0
758;"";"Eglise Du Christianisme Céleste";5.4440048;-4.0426013;"1";1;0
759;"";"Mosquée de la gare";5.4417219;-4.0440671;"1";1;0
760;"";"Mosquée Remblais";5.2971904;-3.9646838;"1";1;0
761;"";"Eglise Messia";5.3012359;-3.966112;"1";1;0
762;"";"Mosquée Siaka Bamba";5.3012319;-3.9662067;"1";1;0
763;"";"Mosquée Aliizat";5.3029599;-3.9666807;"1";1;0
764;"";"Eglise";5.4406665;-4.0822309;"1";1;0
765;"";"Eglise Mission Evangelique";5.4353436;-4.0824381;"1";1;0
766;"";"Eglise Catholique Chapel Emmanuel";5.4390304;-4.0805465;"1";1;0
767;"";"Eglise Protestante Evangelique";5.458777;-4.0534562;"1";1;0
768;"";"Eglise Evangelique Beraca";5.46057;-4.0516236;"1";1;0
769;"";"Mosquée Salam";5.4564294;-4.0533529;"1";1;0
770;"";"Mosquée Moussa Koné";5.2899513;-3.9595433;"1";1;0
771;"";"Eglise Evangélique la Moisson du Christ";5.2908239;-3.9597076;"1";1;0
772;"";"Eglise Saint-Etienne";5.2906316;-3.962135;"1";1;0
773;"";"Eglise Dehima";5.2905342;-3.9597063;"1";1;0
774;"";"Mosquée Bilal";5.2934119;-3.955972;"1";1;0
775;"";"Eglise Méthodiste Unie de Côte d'Ivoire";5.2913661;-3.9571884;"1";1;0
776;"";"Eglise Pentécôtiste de Côte d'Ivoire";5.2884496;-3.956774;"1";1;0
777;"";"Eglise Puissance de Feu";5.4374537;-4.0560968;"1";1;0
778;"";"Mosquée Djedja";5.4396459;-4.057226;"1";1;0
779;"";"Mosquée Salam";5.4383135;-4.059121;"1";1;0
780;"";"Eglise du Nazareen";5.4369564;-4.0521312;"1";1;0
781;"";"Mosquée Akira Bismirabika";5.4565275;-4.0494423;"1";1;0
782;"";"Mosquée Mori Bamba";5.4522474;-4.0479013;"1";1;0
783;"";"Eglise des Assemblées de Dieu";5.4535637;-4.0427193;"1";1;0
784;"";"Mosquée Faridaws";5.4552219;-4.0422238;"1";1;0
785;"";"Eglise Mission Mondiale des Sions";5.4448533;-4.0436467;"1";1;0
786;"";"Mosquée El Hadj Ibrahima";5.4427886;-4.0456805;"1";1;0
787;"";"Mosquée Moussa Bakayoko";5.4315954;-4.0281039;"1";1;0
788;"";"Eglise MESAN";5.4313263;-4.0281998;"1";1;0
789;"";"Eglise";5.4320383;-4.0345624;"1";1;0
790;"";"Mosquée Oumar Sako";5.422987;-4.028164;"1";1;0
791;"";"Mosquée Djibril Diaby";5.4230124;-4.026097;"1";1;0
792;"";"Mosquée du Petit Marché de Derrière Rail";5.4268792;-4.0227784;"1";1;0
793;"";"Eglise Baptiste La Gloire de Dieu";5.4261899;-4.0213659;"1";1;0
794;"";"Eglise Communautaire des Frères Chrétien de CI";5.2906677;-3.9554925;"1";1;0
795;"";"Mission Evangelique Pour la Révélation de Jésus Aux Nations";5.290395;-3.955453;"1";1;0
796;"";"Eglise Evangelique";5.2926902;-3.9566526;"1";1;0
797;"";"Eglise Ministère International Pour la Mission de Jesus Christ";5.2892428;-3.9546315;"1";1;0
798;"";"Eglise Evangelique";5.2892068;-3.955746;"1";1;0
799;"";"Eglise Evangelique";5.2883267;-3.9554516;"1";1;0
800;"";"chapelle notre dame de lourdes de zinsou";5.3827915;-3.9811427;"1";1;0
801;"";"A.J.MCI";5.2102398;-3.7388296;"1";1;0
802;"";"Sacerdoce Royal - Le Sanctuaire des Rois";5.3470829;-4.0797771;"1";1;0
803;"";"Communauté Harriste d’Agbékoi";5.4304983;-4.011226;"1";1;0
804;"";"Mission Charismatique des Vainqueurs";5.3234183;-4.103904;"1";1;0
805;"";"Église Saint Augustin d’Aboboté";5.4127992;-4.0038713;"1";1;0
806;"";"Évêché";5.1951881;-3.7340084;"1";1;0
807;"";"Mosquée du Plateau";5.3195035;-4.0157108;"1";1;0
808;"";"Église évangélique CMA Koumassi 02.";5.2960534;-3.9634286;"1";1;0
809;"";"Église Notre Dame de la Nativité";5.3999308;-3.9503853;"1";1;0
810;"";"Assemblée de Dieu";5.3616608;-4.0264469;"1";1;0
811;"";"Misadel";5.3282039;-4.1104236;"1";1;0
812;"";"Mider";5.3126467;-4.1070828;"1";1;0
813;"";"Camp de prière";5.3133141;-4.1074912;"1";1;0
814;"";"Mission de l'Église évangélique ivoirienne";5.3156204;-4.1065603;"1";1;0
815;"";"Mission La restauration";5.3188369;-4.1057544;"1";1;0
816;"";"Notre Dame de l’assomption de Gesco";5.3659224;-4.1037911;"1";1;0
817;"";"Eglise Primitive Dans Le Monde";5.362852;-4.0001446;"1";1;0
818;"";"Assemblée de Dieu d'Anyama (Esperance)";5.5047548;-4.0466952;"1";1;0
819;"";"Mosquée du centre rawyan de Yopougon";5.3153092;-4.1048061;"1";1;0
820;"";"Assemblée de Dieu Jean Folly Port Bouet BÉTHEL";5.2480162;-3.9100129;"1";1;0
821;"";"Mission évangélique Shammah";5.2598604;-3.8998896;"1";1;0
822;"";"Église universelle (ex Cinéma la paix )";5.334149;-4.0553953;"1";1;0
823;"";"Centre Marie Eugénie";5.3983255;-3.9929321;"1";1;0
824;"";"Eglise de jesus christ des saints des derniers jours";5.3203606;-4.0474992;"1";1;0
825;"";"Église assemblee de Dieu";5.2599753;-3.9818142;"1";1;0
826;"";"Chapelle Sacrés stigmates";5.453725;-4.070772;"1";1;0
827;"";"Centre missionnaire la Cité du Sacre cœur";5.371161;-3.9535912;"1";1;0
828;"";"Mission Christ parole de foi";5.3972132;-3.9859573;"1";1;0
829;"";"Salle des Royaumes des Témoin de Jéhovah";5.2421193;-3.8924634;"1";1;0
830;"";"Paroisse Saint Jean Marie Vianey de Koweit";5.3181307;-4.054234;"1";1;0
831;"";"Paroisse Saint Vincent de Paul Apotre de la Charité";5.3106155;-4.0418288;"1";1;0
832;"";"Eglise Sainte Famille";5.3545629;-3.9684704;"1";1;0
833;"";"Paroisse Notre Dame du Perpétuel Secours de Treichville";5.3047439;-4.0034236;"1";1;0
834;"";"Sainte Thérèse d’Avila";5.386336;-4.07476;"1";1;0
835;"";"Église Protestante Baptiste Œuvres et Mission Internationale";5.3705232;-4.0009255;"1";1;0
836;"";"Winners ‘ Chapel International";5.3599652;-3.9297703;"1";1;0
837;"";"Sanctuaire notre dame de Cana";5.218945;-4.2820917;"1";1;0
838;"";"Mosquée Farouk";5.3494995;-4.080612;"1";1;0
839;"";"Église christianisme celeste";5.4151557;-4.0319323;"1";1;0
840;"";"Grand mosquée de Sagbé céleste";5.4192178;-4.0309032;"1";1;0
841;"";"Biogi";5.2354108;-3.7717056;"1";1;0
842;"";"Mission la Puissance de la Parole de Dieu";5.3422524;-4.0922108;"1";1;0
843;"";"ÉGLISE CHRISTIANISME CÉLESTE";5.415226;-4.0319007;"1";1;0
844;"";"Assemblée de Dieu Temple Bethsaida Port-Bouët II";5.3436235;-4.0942267;"1";1;0
845;"";"Maison communautaire mère du divin amour";5.3704368;-3.9773389;"1";1;0
846;"";"Église Évangélique la Puissance de Jésus";5.3554294;-4.0045206;"1";1;0
847;"";"Mosquée Muhammad";5.331931;-4.0756685;"1";1;0
848;"";"Chapelle Sainte Anne de Vitré 1";5.2425257;-3.7717067;"1";1;0
849;"";"Eglise Méthodiste Unie de Côte d'Ivoire";5.3415841;-4.0892643;"1";1;0
850;"";"Église harriste d'Andokoi";5.3648356;-4.0680128;"1";1;0
851;"";"angre st embroise";5.4078112;-3.9916747;"1";1;0
852;"";"angre grande mosquée";5.406127;-3.9834474;"1";1;0
853;"";"Riviera grande mosquée";5.3373857;-3.9785422;"1";1;0
854;"";"Mosquée de Zone 4";5.2907094;-3.9804076;"1";1;0
855;"";"Terrain Jun Dojo de Mahikari Yopougon";5.3322046;-4.0976513;"1";1;0
856;"";"Eglise Charismarique du Saint Esprit de Côte d'Ivoire";5.414721;-3.9866504;"1";1;0
857;"";"Eglise Evangelique Amac";5.4099586;-4.0094666;"1";1;0
858;"";"Délivrance";5.4389486;-4.014336;"1";1;0
859;"";"Eglise Saint Des Derniers Jours";5.4454512;-4.0130204;"1";1;0
860;"";"Institut Shalom Eglise";5.4387026;-4.0077572;"1";1;0
861;"";"Eglise Saint Pierre de Blockhaus";5.3246682;-3.9978003;"1";1;0
862;"";"Mission Évangélique Buisson Ardent";5.3959137;-3.9915633;"1";1;0
863;"";"Église Chrétienne Racheté De Dieu";5.4103161;-4.0064695;"1";1;0
864;"";"Église Assemblée De Dieu";5.329602;-3.955028;"1";1;0
865;"";"Église Évangélique";5.4064133;-3.989946;"1";1;0
866;"";"Église De Pentecôte De Ci";5.4075417;-3.9883599;"1";1;0
867;"";"Église Ccie";5.4108032;-3.9842578;"1";1;0
868;"";"Église Catholique St Michel Archange De Mpouto";5.3285318;-3.9493305;"1";1;0
869;"";"Mission Évangélique Schadrak";5.3295703;-3.9524858;"1";1;0
870;"";"Missions Évangéliques Rehoboth";5.3860669;-3.9932385;"1";1;0
871;"";"Assemblée De Dieu Du 7Eme Tranche";5.3846505;-3.9901384;"1";1;0
872;"";"Église Du Christ D'Abidjan";5.4111667;-3.9841383;"1";1;0
873;"";"Centre De Mémorisation Du Saint Coran";5.4135766;-4.013952;"1";1;0
874;"";"Mfm Reveil Église";5.4383907;-4.019101;"1";1;0
875;"";"Eglise universelle";5.4552271;-4.0110712;"1";1;0
876;"";"Eglise Assemblées de Dieu";5.3816255;-3.9373063;"1";1;0
877;"";"Église El Béthel";5.3936434;-3.9761626;"1";1;0
878;"";"Église La Bénédiction";5.3707062;-3.9684323;"1";1;0
879;"";"Temple Le Jourdan D'Anono";5.3421395;-3.9714004;"1";1;0
880;"";"Paroisse Lumière Akeikoi";5.4458116;-4.0141863;"1";1;0
881;"";"Eglise Évangéliques Internationale Foursquare CI";5.3639855;-3.9434807;"1";1;0
882;"";"Eglise Mont Sion";5.3688857;-3.9419441;"1";1;0
883;"";"Association des églises Baptiste évangéliques de Cote d'ivoire";5.353406;-3.961976;"1";1;0
884;"";"Mission Apostolique de la Foi Internationale";5.4146509;-4.0098073;"1";1;0
885;"";"Ministère du Reveil Charistimatique des Elus de Dieu";5.4139707;-4.0097999;"1";1;0
886;"";"Eglise Pentecôte Temple de La Liberation";5.4157435;-4.003697;"1";1;0
887;"";"Eglise des Aigles";5.4056022;-4.0025988;"1";1;0
888;"";"Eglise Temple Bethel";5.4180646;-3.9991553;"1";1;0
889;"";"Temoin de Jehovah";5.415735;-4.0047543;"1";1;0
890;"";"Temoin de Jéhovah";5.4369318;-4.0205196;"1";1;0
891;"";"Eglise Béthanie Eben Ezer";5.4056422;-4.0041688;"1";1;0
892;"";"Eglise Protestante";5.3988948;-3.9779216;"1";1;0
893;"";"Eglise Face Au defi Du Nouvel Ordre National";5.4029621;-3.9797675;"1";1;0
894;"";"Eglise Apostolique";5.4171537;-4.0115579;"1";1;0
895;"";"Royaume Universelle";5.434113;-4.0268128;"1";1;0
896;"";"Nour Mohamed";5.4216262;-4.0095297;"1";1;0
897;"";"Anon Alibé";5.4247984;-4.0109834;"1";1;0
898;"";"Eglise du Christ d'Abidjan";5.4355405;-4.0125458;"1";1;0
899;"";"Grande mosquée de Banco 2";5.3547518;-4.0810199;"1";1;0
900;"";"Église Évangélique de Mahanaîm";5.3368879;-4.0690304;"1";1;0
901;"";"Église la Maison Royale du Christ pour toute les Nations";5.3361762;-4.0648284;"1";1;0
902;"";"Église des Assemblées de DIeu";5.3375181;-4.0675043;"1";1;0
903;"";"Église Évangélique MIPS";5.3392704;-4.0726504;"1";1;0
904;"";"Mosquée Ro";5.3453228;-4.0294531;"1";1;0
905;"";"Eglise Famille Glorieuse de Jesus Christ";5.3337893;-4.0727379;"1";1;0
906;"";"Église Merna";5.340658;-4.0680769;"1";1;0
907;"";"ÉGLISE METHODISTE UNIE attecoube";5.3463804;-4.0334871;"1";1;0
908;"";"Mosquée Aicha";5.340182;-4.0294625;"1";1;0
909;"";"Eglise Reveil";5.3296732;-4.0698626;"1";1;0
910;"";"Eglise Pentecôtiste";5.3324119;-4.0632615;"1";1;0
911;"";"Eglise les Saints des Derniers Jour";5.3338314;-4.0666527;"1";1;0
912;"";"Mission Evangile la Source";5.3299617;-4.0617415;"1";1;0
913;"";"Eglise Tabernacle";5.3290817;-4.0670241;"1";1;0
914;"";"Eglise Nahamain";5.3287432;-4.066776;"1";1;0
915;"";"Eglise Evangelique Mission de la Nouvelle Vie de Côte d'Ivoire";5.3309458;-4.0682553;"1";1;0
916;"";"Mission Apostolique et Pentecôtiste Le Chandelier d'Or";5.3323105;-4.0679146;"1";1;0
917;"";"siège COSIM";5.3950734;-3.90803;"1";1;0
918;"";"Eglise Recprosi";5.33378;-4.071897;"1";1;0
919;"";"Salle d'Assemblée des Temoins de Jéhovah";5.329736;-4.0731731;"1";1;0
920;"";"Eglise MIEVA";5.444432;-3.9791711;"1";1;0
921;"";"Quasi Paroisse Saint Jean Baptiste";5.4437893;-3.9799725;"1";1;0
922;"";"Mosquée Hamza";5.4198725;-4.002692;"1";1;0
923;"";"Eglise Vision Prophétique vie de Gloire";5.4555503;-4.0112424;"1";1;0
924;"";"Temple de la Grâce";5.4486568;-4.0139533;"1";1;0
925;"";"Mosquée Hamzar";5.4469012;-4.0143019;"1";1;0
926;"";"Eglise évangélique Réveil international";5.441827;-4.0206817;"1";1;0
927;"";"Eglise de Jésus Christ";5.4454553;-4.0207178;"1";1;0
928;"";"Famille des nations pour l'évangile";5.3592384;-3.9277618;"1";1;0
929;"";"Eglise évangélique des assemblées de Dieu d'Akouedo";5.3637224;-3.936027;"1";1;0
930;"";"Temple Béthanie Église Harriste";5.3232299;-4.0043379;"1";1;0
931;"";"La chapelle Royale de Christ";5.4004;-3.959315;"1";1;0
932;"";"Eglise Bonne Nouvelle de la Grâce";5.3254265;-3.9988501;"1";1;0
933;"";"Mosquée d'Angre Chateau";5.4138538;-3.9832755;"1";1;0
934;"";"Centre Inter Ecclésiastique pour la Propagation de l'Évangile";5.4147611;-3.9942035;"1";1;0
935;"";"Eglise méthodiste unie de Côte d'Ivoire";5.4180708;-3.9913751;"1";1;0
936;"";"Centre évangélique EBEN-EZER";5.3252373;-3.9994553;"1";1;0
937;"";"Ministère international évangélique Béthanie";5.4316442;-3.9903173;"1";1;0
938;"";"Eglise protestante évangélique CMA";5.4305896;-3.9952946;"1";1;0
939;"";"Mission internationale des rachetés de Christ temple de la vérité";5.4271556;-3.9937944;"1";1;0
940;"";"Ministère de Christ liberateur et des oeuvres de Dieu M.C.L.O.D";5.4271595;-3.9934875;"1";1;0
941;"";"Camp de prière et de délivrance montagne de feu église des assemblées élues";5.4247339;-3.9953284;"1";1;0
942;"";"Ministère Pentecôtiste source des grâces";5.4232959;-3.9945142;"1";1;0
943;"";"Eglise évangélique du berger";5.4243031;-3.9905035;"1";1;0
944;"";"Centre international de formation évangélique et eschatologique d'Abidjan";5.3594846;-3.9556146;"1";1;0
945;"";"Eglise protestante évangélique";5.3593751;-3.9547006;"1";1;0
946;"";"Salaf saleh ecole confessionnel islamique";5.4419493;-4.0214523;"1";1;0
947;"";"Eglise évangélique cephas le roc ambassade de la foi vivante";5.4350327;-4.0224264;"1";1;0
948;"";"Ministère de Jesus Christ CPE";5.4545908;-4.0123482;"1";1;0
949;"";"Eglise méthodiste unie côte d'ivoire temple akekoi extension";5.4495836;-4.0156461;"1";1;0
950;"";"Eglise de Jésus Christ des saints des derniers jours";5.4477336;-4.0142889;"1";1;0
951;"";"Eglise protestante évangélique CMACI";5.4460851;-4.0181951;"1";1;0
952;"";"Eglise Pentecôte internationale des élus de Dieu";5.4462662;-4.0149001;"1";1;0
953;"";"Eglise christianisme céleste paroisse mère saint Gabriel";5.4445678;-4.0166808;"1";1;0
954;"";"Eglise Chrétienne Rachetee de Dieu";5.3551844;-3.9777059;"1";1;0
955;"";"INTERNATIONAL FELLOWSHIP OF CHRISTIANS, Eglise";5.3759359;-3.9550862;"1";1;0
956;"";"Eglise Évangélique Palais des Rois";5.3742842;-3.9560997;"1";1;0
957;"";"Mission évangélique prophétique et de restauration";5.3842855;-3.9564105;"1";1;0
958;"";"Alliance de l'Eglise Évangélique Charismatique International";5.3282518;-3.9484122;"1";1;0
959;"";"Eglise évangélique Ciel centre international de l'évangile du libérateur";5.3678612;-3.9468089;"1";1;0
960;"";"Eglise évangélique majestueuse temple la miséricorde";5.366578;-3.9550105;"1";1;0
961;"";"Mission mondial evangelico";5.3651201;-3.9537298;"1";1;0
962;"";"Eglise Universelle";5.3635339;-3.9560198;"1";1;0
963;"";"Eglise évangélique des assemblées de Dieu Akouedo Rehoboth";5.381503;-3.9296842;"1";1;0
964;"";"Eglise Foursquare la porte des cieux";5.3765203;-3.92935;"1";1;0
965;"";"Église protestante évangélique missionnaire riviera faya EPEM";5.3670645;-3.9379716;"1";1;0
966;"";"Eglise consolation et grâce évangélique";5.3597443;-3.9475205;"1";1;0
967;"";"Eglise évangélique des assemblées de Dieu d'Akouedo camp militaire";5.3591857;-3.9476057;"1";1;0
968;"";"mission évangile en action côte d'ivoire";5.3589699;-3.9476047;"1";1;0
969;"";"Eglise protestante CMA riviera triangle";5.3612545;-3.9548098;"1";1;0
970;"";"Paroisse notre Dame de la tendresse";5.3368545;-3.975943;"1";1;0
971;"";"Eglise ebenezer de pentecôte";5.4325953;-4.0135932;"1";1;0
972;"";"Eglise chemin de Sion";5.4382694;-4.0133612;"1";1;0
973;"";"Les ecoles et univetsites de la connaissance de Jesus-Christ";5.4076128;-3.981349;"1";1;0
974;"";"Église";5.4037796;-3.9835075;"1";1;0
975;"";"Eglise Tabernacle de la bénédiction";5.4004711;-3.9778581;"1";1;0
976;"";"Mosquée Cheick";5.4002962;-3.9778742;"1";1;0
977;"";"Eglise baptiste le rocher international";5.4141109;-3.9793937;"1";1;0
978;"";"Centre d'acceuil chretien la montagne de Sion";5.3778599;-3.9871466;"1";1;0
979;"";"Chez Fred m'a fred";5.3761976;-3.928428;"1";1;0
980;"";"La Mosquée Môrôba";5.4111703;-4.0120824;"1";1;0
981;"";"Églises saint embroise ma vine";5.3962093;-3.9869025;"1";1;0
982;"";"Sainte Marie Madeleine";5.3210435;-4.0624733;"1";1;0
983;"";"Mission Évangélique la source d'eau vive";5.3306048;-4.1043872;"1";1;0
984;"";"";5.388701;-4.0778708;"1";1;0
985;"";"Église locale d'Andokoi";5.3670611;-4.0667015;"1";1;0
986;"";"MOSQUEE DU CAMP AGBAN";5.3564625;-4.0123734;"1";1;0
987;"";"EPBOMI NIANGON 3";5.3189818;-4.106978;"1";1;0
988;"";"ÉGLISE CCIE";5.4108121;-3.9844285;"1";1;0
989;"";"ÉGLISE HARRIS";5.3452544;-4.0333925;"1";1;0
990;"";"Église Évangélique Mission pour les Nations";5.3522876;-3.9301055;"1";1;0
991;"";"MOSQUÉE";5.2351783;-3.8700625;"1";1;0
992;"";"Église des Assemblée de Dieu";5.4428412;-3.9849816;"1";1;0
993;"";"Église Pentecôte Renaissance CI";5.4415939;-3.9840966;"1";1;0
994;"";"Église Vase d’Honneur  Faya";5.3632605;-3.9295534;"1";1;0
995;"";"EPEVCV";5.3629782;-3.9301662;"1";1;0
996;"";"MAHEV";5.3600084;-3.9275398;"1";1;0
997;"";"Église évangélique internationale eau vive (EEIEV)";5.3759662;-3.9272746;"1";1;0
998;"";"Quasi Paroisse Saint Raphaël";5.3406635;-3.9168679;"1";1;0
999;"";"Mosquée Aldina Furdaus";5.3747059;-3.9503458;"1";1;0
1000;"";"Communauté Mère du divine Amour";5.3806011;-3.9535981;"1";1;0
1001;"";"Mission Évangélique Source de Bénédiction";5.3829293;-3.935041;"1";1;0
1002;"";"EGLISE BAPTISTE DE LA CONSECRATION ACTION ET VIE";5.3090881;-4.078944;"1";1;0
1003;"";"Quasi Paroisse Notre Dame de la Paix";5.3704035;-3.9221344;"1";1;0
1004;"";"Ministère International Jésus Christ Règne";5.3710783;-3.9200645;"1";1;0
1005;"";"Église de Jésus christ pour la Restauration";5.3698781;-3.9213156;"1";1;0
1006;"";"EPPVIE Eglise Philadelphie Parole de Vie";5.3200956;-4.11022;"1";1;0
1007;"";"Garage DM";5.3091869;-3.9496421;"";0;0
1008;"";"Garage ADP";5.3033992;-3.9760176;"";0;0
1009;"";"Cacomiaf";5.3009103;-4.0104083;"";0;0
1010;"";"garagiste velo";5.2450871;-3.6284665;"";0;0
1011;"";"Konaté Garage";5.2935261;-3.9793335;"";0;0
1012;"";"Cool Service";5.296643;-4.006852;"";0;0
1013;"";"CFAO Equipment";5.266587;-4.0008566;"";0;0
1014;"";"Garage Autos";5.2119185;-3.7314451;"";0;0
1015;"";"Garage Dje Bi";5.3222238;-4.0499951;"";0;0
1016;"";"Garage Ali";5.2976476;-3.9992375;"";0;0
1017;"";"Top Auto";5.2854669;-3.985352;"";0;0
1018;"";"Casse Voiture";5.3286076;-4.0674122;"";0;0
1019;"";"Clim Auto";5.3002638;-3.9881363;"";0;0
1020;"";"Garage Saïdoun";5.2797113;-3.9773204;"";0;0
1021;"";"garage entente";5.305652;-3.9850713;"";0;0
1022;"";"Garage Etoile";5.3342274;-4.0596179;"";0;0
1023;"";"Autotech CI";5.2748065;-3.9767483;"";0;0
1024;"";"Al Bayan";5.3601275;-3.9784021;"";0;0
1025;"";"Luba express";5.3576714;-4.0665453;"";0;0
1026;"";"Garage mecano Ganja Debo";5.3917315;-3.9903792;"";0;0
1027;"";"Magasin pièces Honda Civic 2004";5.3088446;-4.0086359;"";0;0
1028;"";"Garage auto";5.355743;-4.0658248;"";0;0
1029;"";"Garaga Fofana";5.4261945;-3.9897692;"";0;0
1030;"";"Garage Speedy";5.4736835;-4.0716203;"";0;0
1031;"";"Garage Speedy";5.4626093;-4.065553;"";0;0
1032;"";"Pièces détachées Chez Ali";5.3092164;-4.0063913;"";0;0
1033;"";"Garage Speedy";5.4722958;-4.0721815;"";0;0
1034;"";"Garage Auto";5.3438727;-4.0632436;"";0;0
1035;"";"Garage Auto";5.3421723;-4.0623725;"";0;0
1036;"";"Garage auto";5.3669832;-4.0006033;"";0;0
1037;"";"Garage auto";5.3657034;-4.0130889;"";0;0
1038;"";"Garage auto";5.3678672;-4.0093734;"";0;0
1039;"";"Garage auto";5.3683105;-4.0087049;"";0;0
1040;"";"Garage auto";5.3678725;-4.0002371;"";0;0
1041;"";"Garage auto ina's";5.3662492;-3.9999827;"";0;0
1042;"";"Garage auto";5.366552;-3.9998281;"";0;0
1043;"";"Climation generale";5.3673274;-3.9999468;"";0;0
1044;"";"Garage auto";5.3636292;-4.0001889;"";0;0
1045;"";"Climatisation auto";5.3637894;-3.9976595;"";0;0
1046;"";"Garage auto";5.3668884;-4.0111993;"";0;0
1047;"";"Garage auto";5.366588;-4.0088571;"";0;0
1048;"";"Garage Loue et Frères";5.3613232;-4.0803212;"";0;0
1049;"";"Garage auto";5.3657565;-4.006305;"";0;0
1050;"";"Garage auto";5.3672533;-3.9999914;"";0;0
1051;"";"Garage moto";5.3487264;-4.0729652;"";0;0
1052;"";"Garage auto";5.3490589;-4.0727748;"";0;0
1053;"";"Garage auto";5.3673037;-4.0087116;"";0;0
1054;"";"Garage Moderne";5.3536228;-4.0643674;"";0;0
1055;"";"Garage motos";5.351911;-4.0649199;"";0;0
1056;"";"Vente depièces détachées";5.3518656;-4.0641153;"";0;0
1057;"";"Garage auto";5.3503488;-4.0635467;"";0;0
1058;"";"Garage auto";5.3505;-4.0638186;"";0;0
1059;"";"Garage auto";5.3690361;-4.0083113;"";0;0
1060;"";"Garage auto";5.371762;-4.0003035;"";0;0
1061;"";"Energie auto";5.3683492;-4.0043034;"";0;0
1062;"";"Garage renouveau";5.3685044;-4.0048948;"";0;0
1063;"";"Garage auto";5.3677617;-4.0100956;"";0;0
1064;"";"Garage Moto";5.355155;-4.0823945;"";0;0
1065;"";"Garage Lamine";5.3570811;-4.0851827;"";0;0
1066;"";"Garage auto";5.3571025;-4.0649816;"";0;0
1067;"";"Garage auto";5.3706411;-4.0114991;"";0;0
1068;"";"Garage auto";5.3694681;-4.0127081;"";0;0
1069;"";"Garage auto";5.3669652;-4.010569;"";0;0
1070;"";"Garage auto";5.3687444;-4.0105194;"";0;0
1071;"";"Garage auto";5.3684967;-4.0064713;"";0;0
1072;"";"Garage auto";5.3692197;-4.006142;"";0;0
1073;"";"Mecanique Auto";5.3427284;-4.0570584;"";0;0
1074;"";"Garage auto: Giwa Clim Auto";5.3517862;-4.0641327;"";0;0
1075;"";"Garage Auto";5.3483436;-4.0639651;"";0;0
1076;"";"Garage auto: Giwa Clim Auto";5.349362;-4.0640771;"";0;0
1077;"";"Garage Auto";5.3469939;-4.0650631;"";0;0
1078;"";"Garage Auto Ficgayo";5.3488181;-4.0729101;"";0;0
1079;"";"Garage Auto";5.3485482;-4.0728818;"";0;0
1080;"";"KS";5.3460439;-4.0697466;"";0;0
1081;"";"Garage Auto";5.349314;-4.0661263;"";0;0
1082;"";"Parallelisme et Equilibrage de Véhicules";5.3499883;-4.0679247;"";0;0
1083;"";"Garage Americain";5.3719236;-4.0783203;"";0;0
1084;"";"Garage Poids Lourds";5.3706351;-4.0831174;"";0;0
1085;"";"Garage Poids Lourds";5.3775915;-4.0847951;"";0;0
1086;"";"Garage Auto";5.3427751;-4.0594818;"";0;0
1087;"";"Garage Seatruck";5.3701344;-4.0749058;"";0;0
1088;"";"Garage Poids Lourds";5.3681148;-4.0727788;"";0;0
1089;"";"Garage Industriel et Rectification";5.3669746;-4.0734319;"";0;0
1090;"";"Garage Kamara";5.3649691;-4.0757742;"";0;0
1091;"";"Garage Poids Lourds";5.3651406;-4.07552;"";0;0
1092;"";"Climatisation Auto";5.3657772;-4.0753216;"";0;0
1093;"";"Mécanique Industrielle";5.3658944;-4.0752585;"";0;0
1094;"";"Garage Doumbia";5.3664018;-4.0752921;"";0;0
1095;"";"Garage Auto";5.3573081;-4.0644237;"";0;0
1096;"";"Garage Auto";5.3568595;-4.0650594;"";0;0
1097;"";"Garage Auto";5.3453656;-4.0562591;"";0;0
1098;"";"Chez Tassouma";5.3906563;-4.0824603;"";0;0
1099;"";"Garage auto";5.3671214;-4.0085983;"";0;0
1100;"";"Garage auto";5.3402234;-4.0984234;"";0;0
1101;"";"Garage auto";5.3396746;-4.0977757;"";0;0
1102;"";"Garage auto";5.3372885;-4.0955535;"";0;0
1103;"";"Garrage auto";5.3384007;-4.0952021;"";0;0
1104;"";"Garrage auto";5.3343007;-4.1003264;"";0;0
1105;"";"Garrage auto";5.3335082;-4.0986675;"";0;0
1106;"";"Garage Auto";5.3317189;-4.0959437;"";0;0
1107;"";"Garage auto";5.3469933;-4.0997793;"";0;0
1108;"";"Garage auto";5.3526668;-4.0995318;"";0;0
1109;"";"Garage auto";5.3580101;-4.0973707;"";0;0
1110;"";"Garage auto";5.3584618;-4.0957224;"";0;0
1111;"";"Garage auto";5.3573976;-4.097372;"";0;0
1112;"";"Garage auto";5.3574737;-4.0981056;"";0;0
1113;"";"Garage auto";5.3547204;-4.1018674;"";0;0
1114;"";"Garage auto";5.3543092;-4.1019076;"";0;0
1115;"";"Garage auto";5.3520419;-4.1035699;"";0;0
1116;"";"Garage auto la paix";5.351226;-4.102487;"";0;0
1117;"";"Garage auto";5.3512581;-4.1007797;"";0;0
1118;"";"Bak clim auto";5.3509977;-4.1004123;"";0;0
1119;"";"Garage auto";5.3508128;-4.100655;"";0;0
1120;"";"Garage auto";5.3489548;-4.1024132;"";0;0
1121;"";"Garage auto";5.3490349;-4.1040252;"";0;0
1122;"";"Garage auto";5.34797;-4.1030576;"";0;0
1123;"";"Garage auto mercedes";5.3475915;-4.1019787;"";0;0
1124;"";"Garage auto";5.3495763;-4.1044423;"";0;0
1125;"";"Garage auto";5.3497766;-4.1040131;"";0;0
1126;"";"Garage auto";5.351184;-4.1032408;"";0;0
1127;"";"Garage auto";5.3520376;-4.1032408;"";0;0
1128;"";"Garage auto";5.3516453;-4.1017789;"";0;0
1129;"";"Garage auto";5.3557078;-4.1021819;"";0;0
1130;"";"Garage auto";5.3576005;-4.1014355;"";0;0
1131;"";"Garage auto";5.3411421;-4.098988;"";0;0
1132;"";"Garage auto";5.3348489;-4.1010339;"";0;0
1133;"";"Garage auto";5.3667496;-4.0959182;"";0;0
1134;"";"Garage auto";5.365602;-4.093519;"";0;0
1135;"";"Garage auto";5.3562019;-4.1017775;"";0;0
1136;"";"Regauto";5.354912;-4.1016028;"";0;0
1137;"";"Clim auto";5.3529712;-4.1032179;"";0;0
1138;"";"Grarage Automobile";5.3374407;-4.1168106;"";0;0
1139;"";"Grarage Automobile";5.3375048;-4.1165974;"";0;0
1140;"";"Garage Moderne Concessionnaire";5.338561;-4.112615;"";0;0
1141;"";"Garage auto";5.3611436;-4.1001441;"";0;0
1142;"";"Garage Moto";5.352339;-4.0892556;"";0;0
1143;"";"Garage Auto";5.3548152;-4.0974478;"";0;0
1144;"";"Garage auto";5.3627873;-4.098526;"";0;0
1145;"";"Garage auto";5.3653129;-4.0944833;"";0;0
1146;"";"Garage auto";5.3654344;-4.0935163;"";0;0
1147;"";"Garage auto kakou";5.3526708;-4.1014396;"";0;0
1148;"";"Garage auto";5.3667362;-4.0965613;"";0;0
1149;"";"Garage auto";5.3666748;-4.0949707;"";0;0
1150;"";"Garage auto";5.3657522;-4.0938154;"";0;0
1151;"";"Garage Auto";5.3503742;-4.0967819;"";0;0
1152;"";"Garage Auto";5.3567527;-4.0959786;"";0;0
1153;"";"Garage Auto";5.3567527;-4.0961348;"";0;0
1154;"";"Garage Auto";5.35675;-4.0964735;"";0;0
1155;"";"Garage auto";5.357893;-4.0859029;"";0;0
1156;"";"Garage auto adama";5.3578075;-4.0867967;"";0;0
1157;"";"Garage auto";5.3559488;-4.0901287;"";0;0
1158;"";"Garage auto";5.3583149;-4.0945382;"";0;0
1159;"";"Garage auto";5.3530353;-4.0952202;"";0;0
1160;"";"Réparateur de moto";5.3482905;-4.0875424;"";0;0
1161;"";"Garage Moto";5.3504109;-4.0875491;"";0;0
1162;"";"Garage Auto";5.3510912;-4.0955454;"";0;0
1163;"";"Garage Auto";5.3510758;-4.0957191;"";0;0
1164;"";"Garage Auto";5.3510798;-4.0964889;"";0;0
1165;"";"Garage Auto";5.3512447;-4.0974826;"";0;0
1166;"";"Garage Auto";5.3512167;-4.0984489;"";0;0
1167;"";"Garage auto";5.3521554;-4.0958861;"";0;0
1168;"";"Garage auto";5.3522836;-4.0959021;"";0;0
1169;"";"Garage Auto";5.3567426;-4.0964781;"";0;0
1170;"";"Garage auto";5.3567627;-4.0961368;"";0;0
1171;"";"Garage auto";5.3567113;-4.0958753;"";0;0
1172;"";"Garage auto";5.3513349;-4.097484;"";0;0
1173;"";"Garage auto";5.3512775;-4.0984449;"";0;0
1174;"";"Garage auto";5.3510878;-4.0964802;"";0;0
1175;"";"Garage auto";5.3510805;-4.0956943;"";0;0
1176;"";"Garage auto";5.3510785;-4.0955441;"";0;0
1177;"";"Garage auto";5.3521854;-4.0958451;"";0;0
1178;"";"Garage auto";5.3523069;-4.0957922;"";0;0
1179;"";"Garage auto";5.3526034;-4.095821;"";0;0
1180;"";"Grand Garage";5.291519;-3.9534775;"";0;0
1181;"";"Garage Auto Sicopare";5.2978514;-3.9551452;"";0;0
1182;"";"Atelier mecanique";5.2978961;-3.9506129;"";0;0
1183;"";"Atelier mecanique";5.2984944;-3.9481473;"";0;0
1184;"";"Atelier mecanique";5.2997663;-3.9474613;"";0;0
1185;"";"Atelier mecanique";5.2998698;-3.9474881;"";0;0
1186;"";"Atelier mecanique";5.2999446;-3.9475083;"";0;0
1187;"";"Atelier mecanique";5.3000481;-3.9475425;"";0;0
1188;"";"Atelier mecanique";5.2994932;-3.9474057;"";0;0
1189;"";"Garage Auto";5.4376666;-4.035883;"";0;0
1190;"";"Garage Auto Peinture";5.4378228;-4.042034;"";0;0
1191;"";"Parallélisme Auto ISA";5.4380838;-4.0422539;"";0;0
1192;"";"Garage Auto";5.4376786;-4.0429392;"";0;0
1193;"";"Mécanique";5.4376486;-4.0421433;"";0;0
1194;"";"Gararge Auto";5.4377394;-4.0419227;"";0;0
1195;"";"Garage voiture Soulé";5.441575;-4.0621928;"";0;0
1196;"";"Gararge auto";5.44287;-4.0658788;"";0;0
1197;"";"Peinte Auto";5.2978728;-3.9542963;"";0;0
1198;"";"Tolerie Auto";5.2979903;-3.9544304;"";0;0
1199;"";"Sako AutoGlass";5.4340012;-4.0551775;"";0;0
1200;"";"Garage Auto";5.4317676;-4.0688661;"";0;0
1201;"";"Vulcanisateur";5.3019109;-3.9679447;"";0;0
1202;"";"Vulcanisateur";5.3018969;-3.9685656;"";0;0
1203;"";"Garage DKM";5.3027496;-3.9690558;"";0;0
1204;"";"Garage Remorque";5.4300894;-4.0480864;"";0;0
1205;"";"Garage Car";5.4299118;-4.0478919;"";0;0
1206;"";"Garage moto";5.431352;-4.0269452;"";0;0
1207;"";"Mécanique auto";5.3023022;-3.9662308;"";0;0
1208;"";"Garage Auto";5.4321167;-4.0693932;"";0;0
1209;"";"Stam Paralleliste";5.4424535;-4.0692095;"";0;0
1210;"";"Garage Moto";5.4421711;-4.0690599;"";0;0
1211;"";"Vulcanisateur";5.2997282;-3.9630242;"";0;0
1212;"";"Garage Auto";5.437728;-4.0685496;"";0;0
1213;"";"Garage Moto";5.4325913;-4.0687528;"";0;0
1214;"";"Garage Moto";5.4287476;-4.0698619;"";0;0
1215;"";"Garage Auto";5.428494;-4.0700215;"";0;0
1216;"";"Garage Auto";5.4290974;-4.0709898;"";0;0
1217;"";"Garage auto";5.295192;-3.9575659;"";0;0
1218;"";"Recharge de batterie auto";5.2945861;-3.9624519;"";0;0
1219;"";"Garage Auto";5.3018792;-3.9601851;"";0;0
1220;"";"Vulcanisateur";5.2981178;-3.9573473;"";0;0
1221;"";"Garage automobile";5.2969537;-3.960347;"";0;0
1222;"";"Garage Solidarité";5.4431998;-4.0712627;"";0;0
1223;"";"Garage Auto";5.4422519;-4.0729558;"";0;0
1224;"";"Garage Camion";5.4416057;-4.0717643;"";0;0
1225;"";"Garage Moto";5.4421638;-4.0720426;"";0;0
1226;"";"Garage Auto";5.4416665;-4.0693402;"";0;0
1227;"";"Garage Auto";5.4406765;-4.0691699;"";0;0
1228;"";"Vulcanisateur";5.3023735;-3.9582068;"";0;0
1229;"";"Garage Auto";5.3012613;-3.9552042;"";0;0
1230;"";"Vulcanisateur";5.3019737;-3.955164;"";0;0
1231;"";"Vulcanisateur";5.3020638;-3.9548032;"";0;0
1232;"";"Atelier Mecanique (Moto)";5.2959169;-3.9573688;"";0;0
1233;"";"Atelier Mecanique (EQUILIBRAGE et PARALELLISME)";5.295891;-3.9575737;"";0;0
1234;"";"Garage Auto";5.304569;-3.9586716;"";0;0
1235;"";"Garba AUTO";5.3024711;-3.9551787;"";0;0
1236;"";"Mécanique automobile";5.3010303;-3.9477419;"";0;0
1237;"";"Vulcanisateur";5.3025439;-3.9520888;"";0;0
1238;"";"Garage Auto";5.4388622;-4.0744431;"";0;0
1239;"";"Garage Auto";5.2898034;-3.9497069;"";0;0
1240;"";"Garage Auto";5.289945;-3.9496667;"";0;0
1241;"";"Garage Machine";5.2931267;-3.9480267;"";0;0
1242;"";"Atelier Mecanique et Tolerie";5.2983976;-3.9462885;"";0;0
1243;"";"Garage Groupe Electrogène";5.2953294;-3.9478981;"";0;0
1244;"";"Garage de Machine";5.2932704;-3.9485644;"";0;0
1245;"";"Garage Moto";5.4520945;-4.0767492;"";0;0
1246;"";"Garage Auto";5.4430516;-4.0423894;"";0;0
1247;"";"Garage Auto Chez Bamba";5.4423881;-4.0739543;"";0;0
1248;"";"Garage Auto";5.451122;-4.0486731;"";0;0
1249;"";"Garage Auto";5.4509978;-4.053131;"";0;0
1250;"";"Garage mécanique auto";5.4273792;-4.023056;"";0;0
1251;"";"Garge Camion*";5.4527988;-4.0717435;"";0;0
1252;"";"Garage Moto";5.4532967;-4.0722558;"";0;0
1253;"";"Garage Moto";5.4446429;-4.0727953;"";0;0
1254;"";"Garage mécanique auto";5.4262437;-4.0222125;"";0;0
1255;"";"Garage Auto";5.4546772;-4.0543856;"";0;0
1256;"";"Garage Moto";5.4526773;-4.054399;"";0;0
1257;"";"Garage Auto Doumba";5.4454627;-4.0701757;"";0;0
1258;"";"Espace Garage";5.4507622;-4.0486316;"";0;0
1259;"";"Garage Auto";5.4305967;-4.0252233;"";0;0
1260;"";"Garage Auto";5.429833;-4.0244917;"";0;0
1261;"";"Garage Auto";5.4296488;-4.0243167;"";0;0
1262;"";"Garage Auto";5.4294419;-4.0242389;"";0;0
1263;"";"Garage Auto";5.4274045;-4.0224686;"";0;0
1264;"";"Garage Auto";5.4281455;-4.023162;"";0;0
1265;"";"Garage Auto";5.4441176;-4.0478075;"";0;0
1266;"";"Garage mécanique auto";5.4389263;-4.0407962;"";0;0
1267;"";"Garage mécanique auto";5.4395457;-4.0432625;"";0;0
1268;"";"Garage Auto";5.4394897;-4.0432316;"";0;0
1269;"";"Garage auto";5.4387714;-4.0397193;"";0;0
1270;"";"Garage auto";5.4386486;-4.0390795;"";0;0
1271;"";"Garage auto";5.4387527;-4.039447;"";0;0
1272;"";"Grage moto";5.4407182;-4.0465002;"";0;0
1273;"";"Garage moto";5.4412563;-4.0468613;"";0;0
1274;"";"Garage Auto";5.4455401;-4.0460238;"";0;0
1275;"";"Garage Auto";5.4608904;-4.0535702;"";0;0
1276;"";"Garage Auto";5.4594125;-4.0538679;"";0;0
1277;"";"Garage auto géneral";5.4422746;-4.0435615;"";0;0
1278;"";"Garage mécanique auto";5.4430863;-4.0425517;"";0;0
1279;"";"Garage auto";5.4429154;-4.043127;"";0;0
1280;"";"Vulcanisateur";5.2909281;-3.9592262;"";0;0
1281;"";"Reglage Phare";5.4271095;-4.0214884;"";0;0
1282;"";"garage auto";5.4395714;-4.0456275;"";0;0
1283;"";"Garage Technologie Abidjan (GTA)";5.3704481;-3.9632255;"";0;0
1284;"";"Pièces de Rechange et Pneumatique";5.3007663;-4.0100128;"";0;0
1285;"";"SLF automobile";5.4018497;-4.0220519;"";0;0
1286;"";"Garage look high tech Sarl";5.3787852;-3.9406637;"";0;0
1287;"";"Astra garage";5.401266;-4.0845437;"";0;0
1288;"";"Garage Sanogo";5.3541924;-4.0031437;"";0;0
1289;"";"Solo mercedes";5.4079318;-4.0112482;"";0;0
1290;"";"Aterma Motors";5.3902317;-3.9896357;"";0;0
1291;"";"Garage";5.3789304;-3.940693;"";0;0
1292;"";"Garage Moto";5.442066;-4.0144548;"";0;0
1293;"";"Garage Automobile";5.4458693;-4.0145843;"";0;0
1294;"";"Cira";5.3821359;-3.9319172;"";0;0
1295;"";"Réparation Moto";5.4393044;-4.0143417;"";0;0
1296;"";"Moto";5.4399239;-4.0143912;"";0;0
1297;"";"Garage Auto";5.3598223;-3.9783129;"";0;0
1298;"";"Garage";5.4135841;-4.0158068;"";0;0
1299;"";"Garage Auto";5.4153886;-4.0002976;"";0;0
1300;"";"Garage Auto";5.4158842;-3.9998997;"";0;0
1301;"";"Garage Auto";5.4153623;-4.0019466;"";0;0
1302;"";"Garage Moto";5.4065551;-4.0007779;"";0;0
1303;"";"Garage Auto";5.4052124;-4.0016806;"";0;0
1304;"";"Garage Auto";5.4153956;-4.0044931;"";0;0
1305;"";"Garage Moto";5.4139196;-4.0036933;"";0;0
1306;"";"Garage Auto";5.4154025;-4.003097;"";0;0
1307;"";"Group Auto Réparation Voiture";5.4138054;-3.9791262;"";0;0
1308;"";"Garage Auto";5.4119167;-3.9944492;"";0;0
1309;"";"Garage moto";5.4472594;-4.0139368;"";0;0
1310;"";"Garage";5.44286;-4.0204992;"";0;0
1311;"";"Garage";5.4443566;-4.0205462;"";0;0
1312;"";"Garage";5.4127951;-3.994661;"";0;0
1313;"";"Garage Auto";5.4124566;-4.0098435;"";0;0
1314;"";"Réparation Auto Pirelli";5.3490879;-3.9758131;"";0;0
1315;"";"Garage Auto";5.364492;-3.9690041;"";0;0
1316;"";"Clim Auto";5.3644129;-3.9686614;"";0;0
1317;"";"Garage Emmanuel";5.4055835;-4.0050413;"";0;0
1318;"";"Garage";5.405601;-4.0027465;"";0;0
1319;"";"Garage Auto";5.4055497;-4.0011916;"";0;0
1320;"";"Garage";5.4156886;-4.002462;"";0;0
1321;"";"Garage Auto";5.4177151;-4.0123728;"";0;0
1322;"";"Garage Auto";5.4055797;-4.0052339;"";0;0
1323;"";"Garage";5.4169644;-4.0114431;"";0;0
1324;"";"Garagiste";5.421932;-4.0113026;"";0;0
1325;"";"Macanicien";5.4223578;-4.0096772;"";0;0
1326;"";"Mecanique Auto";5.4310326;-4.0149155;"";0;0
1327;"";"Garage Auto";5.4177277;-4.0126973;"";0;0
1328;"";"Garage Auto";5.3329848;-4.0683304;"";0;0
1329;"";"Garage";5.3294623;-4.0691632;"";0;0
1330;"";"Motard";5.2477573;-3.882006;"";0;0
1331;"";"Motard";5.2479974;-3.8819585;"";0;0
1332;"";"Climatisation Auto";5.4411838;-3.9836517;"";0;0
1333;"";"Garage";5.4425189;-3.9821067;"";0;0
1334;"";"Mécanique";5.3327925;-3.9370027;"";0;0
1335;"";"Garage";5.3633453;-3.9355801;"";0;0
1336;"";"Car Scanner";5.3640519;-3.9368582;"";0;0
1337;"";"Mécanique Auto";5.381748;-3.9730623;"";0;0
1338;"";"Réparation de moto";5.4156469;-3.9987043;"";0;0
1339;"";"Garage";5.3924388;-3.9924037;"";0;0
1340;"";"garage auto";5.3812486;-3.9729738;"";0;0
1341;"";"garage auto";5.325885;-3.9980122;"";0;0
1342;"";"garage auto";5.3253054;-3.9986385;"";0;0
1343;"";"garage auto";5.3711939;-3.9336339;"";0;0
1344;"";"vulcanisateur";5.3751601;-3.9344841;"";0;0
1345;"";"Garage auto";5.4248661;-3.9952982;"";0;0
1346;"";"Garage auto";5.4233572;-3.9959407;"";0;0
1347;"";"Garage moto";5.4234159;-3.9957647;"";0;0
1348;"";"Garage moto";5.4236453;-3.9951917;"";0;0
1349;"";"Garage moto";5.4233673;-3.9949912;"";0;0
1350;"";"Grande boutique";5.4234377;-3.9928405;"";0;0
1351;"";"Garage";5.4241242;-3.9912915;"";0;0
1352;"";"Garage";5.4241374;-3.9907079;"";0;0
1353;"";"Garage la Prudence";5.3615969;-3.9790034;"";0;0
1354;"";"Garage Prestige Auto";5.3616637;-3.979784;"";0;0
1355;"";"Garage Jeunes";5.3617598;-3.9791;"";0;0
1356;"";"vulcanisateur";5.3606422;-3.9580172;"";0;0
1357;"";"Garage bamba";5.4396678;-4.0228734;"";0;0
1358;"";"Garage";5.4398715;-4.020975;"";0;0
1359;"";"Garage";5.4395874;-4.0212125;"";0;0
1360;"";"Garage";5.4419943;-4.0233115;"";0;0
1361;"";"Garage";5.44229;-4.0236306;"";0;0
1362;"";"Garage";5.4461429;-4.019104;"";0;0
1363;"";"vulcanisateur";5.3701417;-3.95828;"";0;0
1364;"";"Garage automobile";5.3661601;-3.9599302;"";0;0
1365;"";"vulcanisateur";5.374379;-3.9560182;"";0;0
1366;"";"PALM AUTO GLASS, réparation de pare-brise";5.3699862;-3.9587414;"";0;0
1367;"";"Vulgarisateur";5.3682123;-3.9596506;"";0;0
1368;"";"Vulgarisateur";5.3785702;-3.9537182;"";0;0
1369;"";"Vision Auto Services Réparation de Visite Technique";5.3305866;-3.9566526;"";0;0
1370;"";"Garage";5.3834317;-3.9729711;"";0;0
1371;"";"Garage moderne";5.3831027;-3.9732024;"";0;0
1372;"";"Garage AMG";5.3710568;-3.963277;"";0;0
1373;"";"ECS GROUP";5.3679332;-3.9575276;"";0;0
1374;"";"Garage MGLA";5.3871567;-3.9273828;"";0;0
1375;"";"CLIM AUTO";5.3579237;-3.9447871;"";0;0
1376;"";"Garage auto";5.3598937;-3.9455928;"";0;0
1377;"";"Groupe auto star. maintenance auto";5.3609872;-3.9564788;"";0;0
1378;"";"Garage";5.3906229;-3.9840353;"";0;0
1379;"";"Garage";5.4147197;-4.015342;"";0;0
1380;"";"Garage Auto";5.3915963;-3.9866075;"";0;0
1381;"";"Auto Scan Express";5.3959743;-3.9860013;"";0;0
1382;"";"Auto Multi Service";5.3959009;-3.9860322;"";0;0
1383;"";"AOC Service. Vitrage Auto Répartition Contrôle entretien";5.4031635;-3.9855126;"";0;0
1384;"";"Garage auto";5.4057923;-4.0069464;"";0;0
1385;"";"Garage";5.4163644;-4.009964;"";0;0
1386;"";"Garage Auto";5.4124642;-4.0120309;"";0;0
1387;"";"Garage Auto";5.4132397;-4.0143283;"";0;0
1388;"";"Réparation Ivoire Auto";5.3534896;-3.9273321;"";0;0
1389;"";"Garage automobile";5.232872;-3.8340972;"";0;0
1390;"";"PDZ REP 100";5.31796;-4.0199355;"";0;0
1391;"";"Sym-Motor";5.3655251;-3.9173197;"";0;0
1392;"";"Société ivoirienne de véhicules et engins CIE SODECI";5.3337838;-4.0893665;"";0;0
